id,site_url,job_url,job_email,contact_email,linkedin,facebook,twitter,created_on,active
1,http://www.peekyou.com,http://www.peekyou.com/about/jobs.html/,"","","",https://www.facebook.com/peekyou,"",2015-09-08 15:15:56,1
2,http://frenzoo.com,https://frenzoo.com/jobs.php,careers@frenzoo.com,"hello@megirl.com,hello@frenzoo.com","",https://www.facebook.com/pages/Frenzoo/486622544735743,https://twitter.com/frenzoo,2015-09-08 15:15:56,1
3,http://adproof.com/about,https://angel.co/jobs?startup_id=129260,"",support@adproof.com,http://www.linkedin.com/company/adproof,http://www.facebook.com/AdProof,"",2015-09-08 15:15:56,1
4,http://www.crittercism.com,http://www.crittercism.com/careers,"","",http://www.linkedin.com/company/crittercism,https://www.facebook.com/getcrittercism,https://twitter.com/crittercism,2015-09-08 15:15:56,1
5,http://www.privy.com,http://www.privy.com/jobs/full-stack-engineer/,engineering@privy.com,"info@privy.com,partnerships@privy.com",https://www.linkedin.com/company/2065161,http://www.facebook.com/getprivy,https://twitter.com/privy,2015-09-08 15:15:56,1
6,http://www.willager.com,http://www.willager.com/careers.php,"","","","","",2015-09-08 15:15:56,1
7,http://www.drpandagames.com,http://drpandagames.com/jobs/,"","support@drpandagames.com,info@drpandagames.com","",http://www.facebook.com/drpandagames,"",2015-09-08 15:15:56,1
8,http://www.jobpage.com,http://www.jobpage.com/jobs/view/job/41c7116e3247f93d874f9bd13,"","matt@jobpage.com,support@jobpage.com","",http://www.facebook.com/JobPage,http://twitter.com/JobPage,2015-09-08 15:15:56,1
9,http://www.universalbiomining.com,http://universalbiomining.com/jobs/,jobs@universalbiomining.com,info@universalbiomining.com,"","","",2015-09-08 15:15:56,1
10,http://www.fiverun.com,http://www.fiverun.com/careers,"info@fiverun.com,jobs@fiverun.com",info@fiverun.com,https://www.linkedin.com/company/fiverun,https://www.facebook.com/Fiverun,https://twitter.com/Fiverun,2015-09-08 15:15:56,1
11,http://www.mendeley.com,https://www.mendeley.com/careers/,"","","",http://www.facebook.com/pages/Mendeley/42920143610,http://twitter.com/mendeley_com,2015-09-08 15:15:56,1
12,http://facebook.com/gino.nardo,https://www.facebook.com/careers/?ref=pf,"","","",https://www.facebook.com/,"",2015-09-08 15:15:56,1
13,http://www.justshareit.com,http://www.justshareit.com/jsi/website/about.do#tabs-7,"media@justshareit.com,jobs@justshareit.com","support@justshareit.com,claims@justshareit.com,partner@justshareit.com,media@justshareit.com,legal@justshareit.com,jobs@justshareit.com,customerservice@justshareit.com",http://www.linkedin.com/in/ginnykohli,http://www.facebook.com/justshareitnow,https://twitter.com/JustShareItNow,2015-09-08 15:15:56,1
14,http://www.shutl.com,http://shutl.com/uk/jobs,support@shutl.com,support@shutl.com,"",http://www.facebook.com/shutl,"",2015-09-08 15:15:56,1
15,http://www.heywire.com,http://www.heywire.com/company/careers/,"","",https://www.linkedin.com/company/heywire,https://www.facebook.com/HeyWireInc,http://twitter.com/HeyWireBiz,2015-09-08 15:15:56,1
16,https://codeanywhere.net,https://codeanywhere.net/careers,"","sales@codeanywhere.net,support@codeanywhere.net","",http://www.facebook.com/CodeAnywhere,http://twitter.com/codeanywhere,2015-09-08 15:15:56,1
17,http://buddy.com,http://buddy.com/careers/,info@buddy.com,info@buddy.com,http://www.linkedin.com/in/davemac/en,"",http://twitter.com/BuddyPlatform,2015-09-08 15:15:56,1
18,http://propercloth.com,http://propercloth.com/jobs,"","","","",https://twitter.com/propercloth,2015-09-08 15:15:56,1
19,http://rockcontent.com,http://rockcontent.com/jobs,"","",http://www.linkedin.com/groups/Conte%C3%BAdo-Marketing-6551983,"",https://twitter.com/rockcontent,2015-09-08 15:15:56,1
20,http://appvigil.co,http://appvigil.co/careers/,"","","",https://www.facebook.com/appvigil,https://twitter.com/appvigil_co,2015-09-08 15:15:56,1
21,http://appurify.com,https://www.google.com/about/careers/teams/client-facing/dev-rel/,"","","",https://www.facebook.com/pages/Google-Developers/967415219957038,https://twitter.com/googledevs,2015-09-08 15:15:56,1
22,http://apriso.com,http://www.apriso.com/about_apriso/careers/,"","gordon.benzie@3ds.com,support@apriso.com",http://www.linkedin.com/company/apriso,http://www.facebook.com/pages/Apriso/111072738627,https://twitter.com/Apriso,2015-09-08 15:15:56,1
23,http://aptivsolutions.com,http://www.iconplc.com/careers/,"","",http://www.linkedin.com/company/icon-plc-2,http://www.facebook.com/icon.plc.profile,http://twitter.com/iconplc,2015-09-08 15:15:56,1
24,http://aranix.com,http://aranix.com/about-us/careers/,"","",https://www.linkedin.com/company/aranix,https://www.facebook.com/AraNixIT,https://twitter.com/aranixit,2015-09-08 15:15:56,1
25,http://aquamost.com,http://aquamost.com/careers/,info@aquamost.com,"sales@aquamost.com,info@aquamost.com",https://www.linkedin.com/company/aquamost,https://www.facebook.com/pages/AquaMost-Inc/557353827646272,https://twitter.com/AquaMost,2015-09-08 15:15:56,1
26,http://arbormetrix.com,http://www.arbormetrix.com/careers,info@arbormetrix.com,info@arbormetrix.com,http://www.linkedin.com/company/arbormetrix-inc-,"http://www.facebook.com/pages/ArborMetrix,+Inc./364279317074259",https://twitter.com/ArborMetrix,2015-09-08 15:15:56,1
27,http://apsalar.com,https://apsalar.com/careers/,"",info@apsalar.com,https://www.linkedin.com/company/apsalar,https://www.facebook.com/apsalarinc,https://twitter.com/apsalarinc,2015-09-08 15:15:56,1
28,http://aqarmap.com,https://egypt.aqarmap.com/ar/page/jobs,"","","","",http://twitter.com/aqarmap,2015-09-08 15:15:56,1
29,http://archibaseplanet.com,http://archibaseplanet.com/jobs,"info@rdh-architects.com,officetha@yahoo.com","","","","",2015-09-08 15:15:56,1
30,http://archivesocial.com,http://archivesocial.com/careers,loveyourwork@archivesocial.com,"",http://www.linkedin.com/company/ArchiveSocial,https://www.facebook.com/archivesocial,http://twitter.com/ArchiveSocial/,2015-09-08 15:15:56,1
31,http://appxplore.com,http://appxplore.com/index.php/careers,"","","","",http://twitter.com/share,2015-09-08 15:15:56,1
32,http://arcstoneincorporated.com,http://arcstoneincorporated.com/careers/,contact@arcstoneincorporated.com,contact@arcstoneincorporated.com,"","","",2015-09-08 15:15:56,1
33,http://arccn.ru/?lang=en,http://arccn.ru/jobs,"vantonenko@arccn.ru,vmonastyrshina@arccn.ru","","","",http://twitter.com/arccnnews,2015-09-08 15:15:56,1
34,http://arcticwolf.com,http://arcticwolf.com/managed-siem-careers/,"careers@arcticwolf.com,info@arcticwolf.com,support@arcticwolf.com","info@arcticwolf.com,support@arcticwolf.com",https://www.linkedin.com/company/arctic-wolf-networks?trk=top_nav_home,https://www.facebook.com/ArcticWolfNetworks,https://twitter.com/AWNetworks,2015-09-08 15:15:56,1
35,http://archive.org,https://archive.org/about/jobs.php,"jobs+adminwebapp@archive.org,jobs+managerhumanresources@archive.org,jobs+senioropsengineer@archive.org,jobs+webappdeveloper@archive.org,jobs+seniorpythonengineer@archive.org,jobs+seniorwaybackengineer","etree@archive.org,moviearchive-subscribe@yahoogroups.com,archivists-subscribe@yahoogroups.com,archivists-talk-subscribe@yahoogroups.com,info@archive.org","",https://www.facebook.com/internetnetarchive,https://twitter.com/internetarchive,2015-09-08 15:15:56,1
36,http://arcviewgroup.com,https://arcviewgroup.com/careers/,"",info@arcviewgroup.com,"","","",2015-09-08 15:15:56,1
37,http://arcturusrx.com,http://www.arcturusrx.com/careers/,careers@arcturusrx.com,info@arcturusrx.com,"","","",2015-09-08 15:15:56,1
38,http://arena.net,https://www.arena.net/#careers,"pr@arena.net,arenanetrecruitment@arena.net","pr@arena.net,arenanetrecruitment@arena.net","","","",2015-09-08 15:15:56,1
39,http://ardusat.com,https://www.ardusat.com/jobs,jobs@ardusat.com,"","",https://www.facebook.com/ardusateducation,https://twitter.com/Ardusat,2015-09-08 15:15:56,1
40,http://arctouch.com,http://arctouch.com/company/careers/,"","",https://www.linkedin.com/company/arctouch,http://www.facebook.com/arctouch,http://twitter.com/arctouch,2015-09-08 15:15:56,1
41,http://ariba.com,http://www.ariba.com/about/careers,"","online@ariba.com,privacy@ariba.com,webmaster@sap.com,connect_support@ariba.com,emarketing@ariba.com,social@ariba.com",http://www.linkedin.com/company/ariba,https://www.facebook.com/about/privacy/,http://twitter.com/ariba/,2015-09-08 15:15:56,1
42,http://ark.com,https://angel.co/ark/jobs,careers@ark.com,"","","","",2015-09-08 15:15:56,1
43,http://armstrong.com,https://careers.armstrong.com/?utm_source=careersite&utm_campaign=Armstrong_Corporate_Header_Careers_Link,"","jenniferjohnson@armstrong.com,tjwaters@armstrong.com,ksolshan@armstrong.com","","","",2015-09-08 15:15:56,1
44,http://armortext.co,http://armortext.co/jobs/,jobs@armortext.co,"","",http://www.facebook.com/armortext,"",2015-09-08 15:15:56,1
45,http://arke.com,http://arke.com/en/Careers.aspx,resumes@arke.com,info@arke.com,http://www.linkedin.com/companies/137375?trk=ape_s000001e_1000,http://www.facebook.com/pages/Atlanta-GA/Arke-Systems/69242752000?ref=mf,http://twitter.com/arkesystems,2015-09-08 15:15:56,1
46,http://armobio.com,http://armobio.com/company/careers,careers@armobio.com,contact@armobio.com,"","","",2015-09-08 15:15:56,1
47,http://Aroundmyzip.com,http://Aroundmyzip.com/websites/careers.html,"","","","","",2015-09-08 15:15:56,1
48,http://arena.gov.au,http://www.arena.gov.au/about-arena/careers/,"","arena@arena.gov.au,media@arena.gov.au,proposals@arena.gov.au",http://www.linkedin.com/company/3546859,"",https://twitter.com/ARENA_aus,2015-09-08 15:15:56,1
49,http://arpexcapital.com,http://www.recrutaarpex.com.br,recruta@arpexcapital.com.br,"","","","",2015-09-08 15:15:56,1
50,http://aroundtheway.com,http://www.hugedomains.com/,"","","","","",2015-09-08 15:15:56,1
51,http://arroapp.com,http://arroapp.com/jobs,"","","","",http://twitter.com/tryarro,2015-09-08 15:15:56,1
52,http://arkansas.gov,http://www.arkansas.gov/jobs/,"",info@ark.org,"",http://www.facebook.com/Arkansas.gov,https://twitter.com/arkansasgov,2015-09-08 15:15:56,1
53,http://artemishealth.com,http://artemis-health.breezy.hr/,"",info@artemishealth.com,"",https://www.facebook.com/ArtemisHealthcareAnalytics,https://twitter.com/artemisdata,2015-09-08 15:15:56,1
54,http://arrayhealth.com,http://arrayhealth.com/about/working-at-array-health/,"","pr@arrayhealth.com,hello@arrayhealth.com",http://www.linkedin.com/company/array-health,"",http://twitter.com/arrayhealth,2015-09-08 15:15:56,1
55,http://arraystorm.com,http://www.arraystorm.com/get-touch/careers/,"reachus@arraystorm.com,careers@arraystorm.com",reachus@arraystorm.com,"","","",2015-09-08 15:15:56,1
56,http://artisticrats.com,http://artisticrats.com/careers.html,"jobs@artisticrats.com,info@artisticrats.com,careers@artisticrats.co",info@artisticrats.com,http://www.linkedin.com/pub/dee-adams/40/664/16,https://www.facebook.com/pages/Artisticrats-Childcare-Center/433211596788129,http://twitter.com/artisticrats,2015-09-08 15:15:56,1
57,http://artivest.co,https://artivest.co/about/careers,"","inquiries@artivest.co,press@artivest.co",http://www.linkedin.com/company/2908752,https://www.facebook.com/Artivest,https://twitter.com/artivest,2015-09-08 15:15:56,1
58,http://argylesocial.com,https://www.viralheat.com/careers/,"","",https://www.linkedin.com/company/viralheat,https://www.facebook.com/viralheat,https://twitter.com/viralheat,2015-09-08 15:15:56,1
59,http://arraybiopharma.com,http://arraybiopharma.com/careers/,"","info@arraybiopharma.com,ir@arraybiopharma.com,hr@arraybiopharma.com,bd@arraybiopharma.com","","","",2015-09-08 15:15:56,1
60,http://artwalk.city,http://www.artwalk.city/jobs/,info@artwalk.city,info@artwalknyc.com,"","",http://twitter.com/artwalknyc,2015-09-08 15:15:56,1
61,http://artspace.com,http://www.artspace.com/jobs,"marketing@artspace.com,press@artspace.com","marketing@artspace.com,service@artspace.com,partners@artspace.com,inspace@artspace.com,press@artspace.com","","","",2015-09-08 15:15:56,1
62,http://arts.ca.gov/index.php,http://arts.ca.gov/opportunities/jobs.php,"",info@arts.ca.gov,"",https://www.facebook.com/californiaartscouncil?ref=ts,https://twitter.com/calartscouncil,2015-09-08 15:15:56,1
63,http://arthena.com,http://arthena.com/careers,careers@arthena.com,info@arthena.com,https://www.linkedin.com/company/3990706?trk=tyah&trkInfo=idx%3A2-1-7%2CtarId%3A1426106089733%2Ctas%3Aarthena,https://www.facebook.com/arthenaart,https://twitter.com/arthenaart,2015-09-08 15:15:56,1
64,http://ascendentquality.com,http://www.qualityhub.com/careers.shtml,"","","","","",2015-09-08 15:15:56,1
65,http://artsy.net,https://www.artsy.net/about/jobs,"","matt.domino@artsy.net,molly@artsy.net,alexander.forbes@artsy.net,storyideas@artsy.net,press@artsy.net,casey@artsy.net,tess@artsy.net,halley@artsy.net,marina@artsy.net,alexxa@artsy.net","",http://www.facebook.com/artsy,http://twitter.com/artsy,2015-09-08 15:15:56,1
66,http://asiabusinesshub.com,http://www.HugeDomains.com/cat/careers/,"","","","","",2015-09-08 15:15:56,1
67,http://artissano.com,http://artissano.com/careers/,"","","",https://www.facebook.com/artissano,https://twitter.com/artissano,2015-09-08 15:15:56,1
68,http://aruhat.com,http://aruhat.com/careers/,info@aruhat.com,"anil@aruhat.com,info@aruhat.com",http://www.linkedin.com/company/aruhat-technologies-pvt.-ltd?trk=top_nav_home,https://www.facebook.com/aruhat,https://twitter.com/aruhat,2015-09-08 15:15:56,1
69,http://askthedoctor.com,https://www.askthedoctor.com/careers,hr@askthedoctor.com,"",https://www.linkedin.com/company/askthedoctor.com-inc.,https://www.facebook.com/askthedr,https://twitter.com/askthedr,2015-09-08 15:15:56,1
70,http://arubixs.com,http://www.arubixs.com/careers/,"","","","",https://twitter.com/arubixs,2015-09-08 15:15:56,1
71,http://aspenware.com,http://www.aspenware.com/careers/,info@aspenware.com,info@aspenware.com,"","",http://twitter.com/aspenware,2015-09-08 15:15:56,1
72,http://assist.me,http://assist.me/jobs,jobs@assist.me,"",https://www.linkedin.com/company/assistme,"",http://twitter.com/assistme,2015-09-08 15:15:56,1
73,http://astia.org/astia-angels,http://www.linkedin.com/company/linkedin/careers?trk=hb_ft_work,"","info@astia.org,investors@astia.org,startups@astia.org,evie@astia.org",https://www.linkedin.com/groups/Astia-Community-150/about,https://www.facebook.com/astiaglobal,https://twitter.com/astiaglobal,2015-09-08 15:15:56,1
74,http://aspirehealthcare.com,https://theapplicantmanager.com/careers?co=a1,"","","","","",2015-09-08 15:15:56,1
75,http://assuramed.com,http://cardinalhealth.com/careers,"","","","","",2015-09-08 15:15:56,1
76,http://assentcompliance.com,http://www.assentcompliance.com/careers/,"talent@assentcompliance.com,info@assentcompliance.com",info@assentcompliance.com,https://www.linkedin.com/company/assent-compliance-inc,"",https://twitter.com/AssentGlobal,2015-09-08 15:15:56,1
77,http://associatedbank.com,http://careers.associatedbank.com,careers@associatedbank.com,wecare@associatedbank.com,"","","",2015-09-08 15:15:56,1
78,http://asterdmhealthcare.com,http://asterdmhealthcare.com/careers/,"","","",https://www.facebook.com/AsterHealthcare,https://twitter.com/AsterHealthcare,2015-09-08 15:15:56,1
79,http://assignmint.com,"http://www.chicagotribune.com/classified/jobs/sns-201208081830--tms--careersntp--h-a20120815-20120815,0,1964040.column",jlk@sunfeatures.com,"","","",https://twitter.com/assignmint,2015-09-08 15:15:56,1
80,http://atomentertainment.com,http://www.mtvncareers.com/,"","","",https://www.facebook.com/ComedyCentral,https://twitter.com/ComedyCentral,2015-09-08 15:15:56,1
81,http://atlascloud.co.uk,http://www.atlascloud.co.uk/careers/,recruitment@atlascloud.co.uk,"",https://www.linkedin.com/company/atlas-cloud,"",https://twitter.com/AtlasCloud,2015-09-08 15:15:56,1
82,http://atomicaxis.com,http://careers.enolalabs.com/,"","",https://www.linkedin.com/company/enola-labs,https://www.facebook.com/enolalabs,http://twitter.com/EnolaLabs,2015-09-08 15:15:56,1
83,http://atricure.com,http://atricure.com/about/careers,"","",https://www.linkedin.com/company/atricure-inc.,https://www.facebook.com/AtriCure,"",2015-09-08 15:15:56,1
84,http://Atnight.com,http://www.atnight.com/about/jobs,"","","",https://www.facebook.com/dialog/oauth?client_id=163709263669422&redirect_uri=http%3A%2F%2Fwww.atnight.com%2Fabout%2Fgeneral&state=56a3fc1675985b1b6bbe78be10b37560&scope=email,http://twitter.com/atnight,2015-09-08 15:15:56,1
85,http://atos.net,http://atos.net/en-us/home/careers.html,"","",http://www.linkedin.com/company/atos,http://www.facebook.com/Atos,"",2015-09-08 15:15:56,1
86,http://ATDynamics.com,http://www.atdynamics.com/company/careers/,"","atdcustomerservice@stemco.com,atdmarketing@stemco.com,trailertail@stemco.com,atdsales@stemco.com,atdengineering@stemco.com","","","",2015-09-08 15:15:56,1
87,http://attendify.com,https://attendify.com/careers/,"","",http://www.linkedin.com/company/attendify,https://www.facebook.com/attendifyapp,https://twitter.com/attendify,2015-09-08 15:15:56,1
88,http://attentive.ly,https://careers.stackoverflow.com/company/attentively#jobs,"",hello@attentive.ly,https://www.linkedin.com/in/rozlemieux,https://www.facebook.com/getattentively,https://twitter.com/rozlem,2015-09-08 15:15:56,1
89,http://atrae.co.jp,http://atrae.co.jp/jobs.html,"","","","","",2015-09-08 15:15:56,1
90,http://astronomy.sg,http://astronomy.sg/join-us/,"contact@astronomy.sg,weilin@astronomy.sg","yenaw@singnet.com.sg,contact@astronomy.sg","","","",2015-09-08 15:15:56,1
91,http://atyourservice.com.cy,https://atyourservice.com.cy/jobs/all-categories/Cyprus,info@atyourservice.com.cy,info@atyourservice.com.cy,http://www.linkedin.com/company/2854787,https://www.facebook.com/atyourservice.com.cy,https://twitter.com/AtYourServiceCy,2015-09-08 15:15:56,1
92,http://audience.io,http://www.audience.io/hiring/,"courtney@audience.io,jobs@audience.io","","",https://www.facebook.com/audience.io,https://twitter.com/audienceio,2015-09-08 15:15:56,1
93,http://audiojungle.net/user/azbbeats,http://envato.com/careers,"","sales@envato.com,business@envato.com",http://www.linkedin.com/company/envato,http://www.facebook.com/envato,https://twitter.com/envato,2015-09-08 15:15:56,1
94,http://au.yahoo.com,https://careers.yahoo.com/au/,"","","","","",2015-09-08 15:15:56,1
95,http://augurysystems.com,http://www.augury.com/about/careers,"","info@augury.com,press@augury.com","","","",2015-09-08 15:15:56,1
96,http://auracapital.com.au,http://auracapital.com.au/careers/,"info@auracapital.com.au,info@aurapartners.com.au","info@auracapital.sg,info@auracapital.com.au","","","",2015-09-08 15:15:56,1
97,http://augmentedev.com,https://angel.co/augment/jobs,"",support@agmt.co,https://www.linkedin.com/company/augmentedev?trk=ppro_cprof,https://www.facebook.com/pages/AugmenteDev/190277567680189?ref=hl,https://twitter.com/AugmenteDev,2015-09-08 15:15:56,1
98,http://auth0.com,https://auth0.com/jobs,support@auth0.com,support@auth0.com,"","","",2015-09-08 15:15:56,1
99,http://auterrainc.com,http://auterrainc.com/careers.php,hr@auterrainc.com,info@auterrainc.com,"","","",2015-09-08 15:15:56,1
100,http://authenticff.com,http://authenticff.com/careers/frontend-engineer,"","",https://www.linkedin.com/company/authentic-form-&-function,"",http://twitter.com/authenticff,2015-09-08 15:15:56,1
101,http://authenteq.com,http://authenteq.com/category/jobs/,"","runar@authenteq.com,johann@authenteq.com,kari@authenteq.com",http://www.linkedin.com/authenteq,https://www.facebook.com/authenteq,"",2015-09-08 15:15:56,1
102,http://authoritylabs.com,http://authoritylabs.com/jobs/,jobs@authoritylabs.com,"",https://www.linkedin.com/company/authoritylabs,"",https://twitter.com/authoritylabs,2015-09-08 15:15:56,1
103,http://authentify.com,http://authentify.com/company/careers/,"info@authentify.com,careers@authentify.com","info@authentify.com,brooke.pietsch@authentify.com,shige.shimoda@authentify.com,sales@authentify.com,sheryl@williammills.com,robert.soden@authentify.com",https://www.linkedin.com/company/authentify-inc.,https://www.facebook.com/Authentify,https://twitter.com/Authentify,2015-09-08 15:15:56,1
104,http://autoliv.com,http://autoliv.com/Careers,"","","","","",2015-09-08 15:15:56,1
105,http://automatic.com,https://www.automatic.com/jobs/,partnerships@automatic.com,partnerships@automatic.com,https://www.linkedin.com/company/2869860?trk=tyah,https://www.facebook.com/automatic,https://twitter.com/automatic,2015-09-08 15:15:56,1
106,http://autosprite.com,http://company.autosprite.com/jobs,info@autosprite.com,"","",http://www.facebook.com/autosprite/app_194735743977584,http://twitter.com/autosprite,2015-09-08 15:15:56,1
107,http://automile.io,https://automile.com/jobs/,"jacob.ponten@automile.com,team@automile.se","job@automile.com,jacob.ponten@automile.com,amelia.shroyer@automile.com,marcus.sundberg@automile.com,daniel.rudh@automile.com,daniel.bystrom@automile.com,andreas.brandt@automile.com,jens.nylander@automile.com,martin.nordmark@automile.com,jonathan.wogenius@automile.com,press@automile.com,lukas.andersson@automile.com,sales@automile.com,team@automile.se,felix.rosen@automile.com,david.paulsson@automile.com,kalle.jigfors@automile.com,support@automile.com,ludwig.bolling@automile.com,anja.horstmann@auto",http://www.linkedin.com/company/automile/,https://www.facebook.com/automile.cloud/,https://twitter.com/automile_io/,2015-09-08 15:15:56,1
108,http://avalanchebiotech.com,http://avalanchebiotech.com/careers.php,info@avalanchebiotech.com,"busdev@avalanchebiotech.com,careers@avalanchebiotech.com,info@avalanchebiotech.com","","",http://twitter.com/#!/avalanchebio,2015-09-08 15:15:56,1
109,http://auxilium.com,http://www.endo.com/careers,"","",http://www.linkedin.com/company/endo-pharmaceuticals,"","",2015-09-08 15:15:56,1
110,http://avecsoleil1@gmail.com,https://www.google.com/about/careers/lifeatgoogle/,"","","","","",2015-09-08 15:15:56,1
111,http://avagotech.com,http://www.avagotech.com/company/careers/,"","",http://www.linkedin.com/company/avago-technologies,https://www.facebook.com/Avagotech,https://twitter.com/Avagotech,2015-09-08 15:15:56,1
112,http://avalonlabs.com,http://avalonlabs.com/company/careers/,careers@avalonlabs.com,info@avalonlabs.com,"","","",2015-09-08 15:15:56,1
113,http://avegant.com,http://avegant.com/jobs/,"","","",https://www.facebook.com/Avegant,https://twitter.com/avegant,2015-09-08 15:15:56,1
114,http://avantismedical.com,http://avantis.thirdeyecolonoscopy.com/about-avantis/careers/,jobs@avantismedical.com,"","","",http://twitter.com/share,2015-09-08 15:15:56,1
115,http://aviary.com,http://adobe.com/careers,"","","","","",2015-09-08 15:15:56,1
116,http://avinash.n.jain@facebook.com,https://www.facebook.com/careers/?ref=pf,"","","",https://www.facebook.com/,"",2015-09-08 15:15:56,1
117,http://avatron.com,https://avatron.com/about/jobs/,"jobs@avatron.com,support@avatron.com",support@avatron.com,"","","",2015-09-08 15:15:56,1
118,http://aviziatech.com,https://www.avizia.com/company/#careers,careers@avizia.com,"info@avizia.com,sales@avizia.com",https://www.linkedin.com/company/avizia,"",https://twitter.com/Aviziahealth,2015-09-08 15:15:56,1
119,http://avinetworks.com,https://avinetworks.com/company/careers/,"","support@avinetworks.com,sales@avinetworks.com",https://www.linkedin.com/company/avi-networks-inc/,"",https://twitter.com/AviNetworks,2015-09-08 15:15:56,1
120,http://avaya.com,http://www.avaya.com/usa/careers/overview,"",support@avaya.com,http://www.linkedin.com/companies/1494/Avaya,http://www.facebook.com/avaya,http://twitter.com/Avaya_Support,2015-09-08 15:15:56,1
121,http://awe.sm,http://www.unifiedsocial.com/careers/,"",press@unifiedsocial.com,http://www.linkedin.com/company/2268557?trk=tyah,"",https://twitter.com/unified,2015-09-08 15:15:56,1
122,http://aviotravel.eu,https://dskbank.bg/Page/default.aspx?xml_id=/bg-BG/About/careers/,call_center@dskbank.bg,"call_center@dskbank.bg,tickets@aviotravel.eu",http://www.linkedin.com/company/aviotravel,"",https://twitter.com/aviotravel_eu,2015-09-08 15:15:56,1
123,http://avocadostore.de,https://www.avocadostore.de/jobs,jobs@avocadostore.de,"presse@avocadostore.de,buchhaltung@avocadostore.de,info@avocadostore.de,shop@avocadostore.de","",http://www.facebook.com/avocadostore,"",2015-09-08 15:15:56,1
124,http://aw-energy.com,http://aw-energy.com/about-us/careers,"","","",https://www.facebook.com/pages/WaveRoller/345362128879496,https://twitter.com/WRoller,2015-09-08 15:15:56,1
125,http://aws.amazon.com,https://aws.amazon.com/careers/?nc1=f_hi,"aws-managers@amazon.com,aws-security-careers@amazon.com","","",https://www.facebook.com/amazonwebservices?nc1=f_so_fb,https://twitter.com/#!/awscloud?nc1=f_so_tw,2015-09-08 15:15:56,1
126,http://awesomize.me,http://awesomize.me/jobs,"","",http://www.linkedin.com/groups/awesomizeme-3749218,http://www.facebook.com/Awesomize.me,"",2015-09-08 15:15:56,1
127,http://awright@inbox.com,http://careers.yahoo.com/,accessiblecareers@yahoo-inc.com,"","","","",2015-09-08 15:15:56,1
128,http://axtria.com,http://axtria.com/careers/,"careers@axtria.com,indiacareers@axtria.com","info@axtria.com,careers@axtria.com,indiacareers@axtria.com",https://www.linkedin.com/company/axtria,https://www.facebook.com/AxtriaInc,https://twitter.com/axtriaconnect,2015-09-08 15:15:56,1
129,http://awaaz.de,https://www.awaaz.de/jobs/,"jobs@awaaz.de,info@awaaz.de",info@awaaz.de,http://www.linkedin.com/company/awaaz-de,http://www.facebook.com/AwaazDe,http://twitter.com/awaazde,2015-09-08 15:15:56,1
130,http://aylanetworks.com,https://www.aylanetworks.com/company/jobs,"",info@aylanetworks.com,http://www.linkedin.com/company/ayla-networks,https://www.facebook.com/pages/Ayla-Networks/478621938884489,http://twitter.com/aylanetworks,2015-09-08 15:15:56,1
131,http://axionbiosystems.com,http://www.axionbiosystems.com/about/careers/,info@axionbio.com,info@axionbio.com,"","","",2015-09-08 15:15:56,1
132,http://axsome.com,http://axsome.com/careers/,"","","","","",2015-09-08 15:15:56,1
133,http://axiflux.com,http://axiflux.com/careers/,"",info@axiflux.com,"","","",2015-09-08 15:15:56,1
134,http://axiomxinc.com,http://axiomxinc.com/contact/careers/,"","scientificliaison@axiomxinc.com,info@axiomxinc.com,scientificliason@axiomxinc.com,sales@axiomxinc.com,customersupport@axiomxinc.com","","","",2015-09-08 15:15:56,1
135,http://axonpartnersgroup.com,http://www.axonpartnersgroup.com/careers,"","",https://www.linkedin.com/company/axon-partners-group,"",https://twitter.com/AxonPG,2015-09-08 15:15:56,1
136,http://ayoxxa.com,http://ayoxxa.com/careers/,"career@ayoxxa.com,info@ayoxxa.com","kirsten.sievert@ayoxxa.com,info@ayoxxa.com,marion.lammertz@ayoxxa.com,michael.rasche@ayoxxa.com",https://www.linkedin.com/company/1415846?trk=prof-exp-company-name,"","",2015-09-08 15:15:56,1
137,http://axiumnanofibers.com,http://axiumnanofibers.com/careers/,careers@axiumbattery.com,info@axiumbattery.com,"","","",2015-09-08 15:15:56,1
138,http://babyli.st,http://babyli.st/jobs,"natalie@babyli.st,hello@babyli.st","natalie@babyli.st,hello@babyli.st","","",http://twitter.com/baby_list,2015-09-08 15:15:56,1
139,http://avoscloud.com,https://leancloud.cn/jobs.html,"","support@leancloud.cn,ops@leancloud.cn,business@leancloud.cn","","",http://twitter.com/leancloudrocks,2015-09-08 15:15:56,1
140,http://b.amanshol65@mail.ru,https://corp.mail.ru/ru/jobs/vacancy/,"hr@corp.mail.ru,support@corp.mail.ru","","","","",2015-09-08 15:15:56,1
141,http://babycenter.com,http://www.babycenter.com/jobs,"","","",http://www.facebook.com/BabyCenter,https://twitter.com/BabyCenter,2015-09-08 15:15:56,1
142,http://backpack-books.com,https://backpack-books.com/front/page/jobs/,"","","","","",2015-09-08 15:15:56,1
143,http://backtrace.io,http://backtrace.io/#company,"founders@backtrace.io,team@backtrace.io,jobs@backtrace.io","founders@backtrace.io,team@backtrace.io,jobs@backtrace.io",https://www.linkedin.com/company/backtrace-i-o,https://www.facebook.com/backtrace.io,http://twitter.com/0xcd03,2015-09-08 15:15:56,1
144,http://backstit.ch,https://backstit.ch/jobs,"",team@backstit.ch,"",http://www.facebook.com/backstitchapp,http://twitter.com/jwarzech,2015-09-08 15:15:56,1
145,http://backpackbang.com,https://backpackbang.com/careers,career@backpackbang.com,"",http://www.linkedin.com/company/backpack,http://www.facebook.com/travelshopbackpack,http://twitter.com/backpack2014,2015-09-08 15:15:56,1
146,http://bacterioscan.com,http://www.bacterioscan.com/careers/,"careers@bacterioscan.com,info@bacterioscan.com",info@bacterioscan.com,https://www.linkedin.com/company/6375365,"",https://twitter.com/bacterioscan,2015-09-08 15:15:56,1
147,http://bakedcode.com,http://bakedcode.com/jobs,jobs@bakedcode.com,"","","",http://twitter.com/bakedcode,2015-09-08 15:15:56,1
148,http://badoo.com,https://corp.badoo.com/en/jobs/,"","","",http://www.facebook.com/Badoo/,http://twitter.com/Badoo/,2015-09-08 15:15:56,1
149,http://badgeville.com,https://badgeville.com/company/careers/,"","",https://www.linkedin.com/company/badgeville,https://www.facebook.com/badgeville,https://twitter.com/badgeville,2015-09-08 15:15:56,1
150,http://BacterialRobotics.com,http://microbialrobotics.com/contact/careers/,"","","","",https://twitter.com/microbialbot,2015-09-08 15:15:56,1
151,http://bancamea.md,http://bancamea.md/jobs,team@bancamea.md,team@bancamea.md,"",http://www.facebook.com/bancamea.md,http://twitter.com/#!/bancamea_md,2015-09-08 15:15:56,1
152,http://bairdcapital.com,http://www.rwbaird.com/about-baird/careers/careers.aspx,"","",http://www.linkedin.com/company/6983?trk=tyah,http://www.facebook.com/RobertWBairdandCompany,http://twitter.com/rwbaird,2015-09-08 15:15:56,1
153,http://bajobs.com,https://bajobs.com/jobs/Employer/Cisco%20Systems,"",support@bajobs.com,"",https://www.facebook.com/BAJobs,https://twitter.com/bajobs,2015-09-08 15:15:56,1
154,http://bandwagon.io,http://www.bandwagon.io/careers/,jobs@bandwagon.io,"","",http://www.facebook.com/bandwagon.io,https://twitter.com/HiBandwagon,2015-09-08 15:15:56,1
155,http://Bandjo.ca,https://angel.co/bandjo/jobs,"",team@bandjo.ca,"",https://www.facebook.com/Bandjo.ca,https://twitter.com/teambandjo,2015-09-08 15:15:56,1
156,http://ballytech.com,http://www.scientificgames.com/careers/current-openings/,"","",http://www.linkedin.com/company/bally-technologies,http://www.facebook.com/pages/Bally-Technologies/157506247643903?sk=app_220827201266242,http://twitter.com/Bally_Tech,2015-09-08 15:15:56,1
157,http://bankozarks.com,http://www.bankozarks.com/careers.php,info@bankozarks.com,info@bankozarks.com,"","","",2015-09-08 15:15:56,1
158,http://banktcnb.com,https://civistabankcareers.silkroad.com,"",info@civistabank.com,"","","",2015-09-08 15:15:56,1
159,http://banyanbio.com,http://banyanbio.com/about-us/careers.html,"","service@banyanbio.com,info@banyanbio.com",https://www.linkedin.com/company/banyan-biomarkers-inc,"","",2015-09-08 15:15:56,1
160,http://barbariangroup.com,http://barbariangroup.com/jobs#account_manager,"",cinder@barbariangroup.com,http://www.linkedin.com/company/23971?trk=vsrp_companies_cluster_name&trkInfo=VSRPsearchId%3A353501661392235792175%2CVSRPtargetId%3A23971%2CVSRPcmpt%3Acompanies_cluster,"",http://twitter.com/barbariangroup,2015-09-08 15:15:56,1
161,http://bantamu.com,https://bantamu.com/jobs,"","","",https://www.facebook.com/BantaMu,https://twitter.com/Banta_Mu,2015-09-08 15:15:56,1
162,http://barackobama.com,https://www.barackobama.com/ofa/careers/,"",info@obamabiden.com,"",https://www.facebook.com/OFA,https://twitter.com/OFA,2015-09-08 15:15:56,1
163,http://bannerbroker.com,http://bannerbroker.com/#jobs,"","","","",http://twitter.com/share,2015-09-08 15:15:56,1
164,http://bart.varner@yahoo.com,https://careers.yahoo.com/,accessiblecareers@yahoo-inc.com,"","","",https://twitter.com/intent/user?screen_name=_vasco732,2015-09-08 15:15:56,1
165,http://basho.com,http://basho.com/careers/,"",france@basho.com,https://www.linkedin.com/company/basho-technologies-inc,https://www.facebook.com/riakbasho,https://twitter.com/basho,2015-09-08 15:15:56,1
166,http://Bastospavers@gmail.com,https://www.google.com/about/careers/lifeatgoogle/,"","","","","",2015-09-08 15:15:56,1
167,http://batstrading.com,http://batstrading.com/careers/,jobs@bats.com,"membershipservices@bats.com,sales@bats.com,noc@bats.com,jobs@bats.com,marketdata@bats.com,billing@bats.com,tradedesk@bats.com,rwilliams@bats.com,comms@bats.com,listings@bats.com,webmaster@bats.com",http://www.linkedin.com/company/bats-global-markets-inc-,"",https://twitter.com/BATSGlobal,2015-09-08 15:15:56,1
168,http://batonapp.com,https://nextbit.com/jobs/,hi@nextbit.com,hi@nextbit.com,"",https://www.facebook.com/nextbitsys?_rdr,https://twitter.com/nextbitsys,2015-09-08 15:15:56,1
169,http://baublebar.com,http://www.baublebar.com/our-company/careers,"","","",http://www.facebook.com/pages/BaubleBar/141168822602678,http://twitter.com/baublebar,2015-09-08 15:15:56,1
170,http://batchblue.com,http://batchbook.com/Jobs/,"","info@batchblue.com,feedback@batchblue.com,help@batchblue.com",http://www.linkedin.com/company/batchblue-software,https://www.facebook.com/BatchbookCRM,https://twitter.com/batchbook,2015-09-08 15:15:56,1
171,http://basicgov.com,http://www.basicgov.com/about/careers,careers@basicgov.com,"","","","",2015-09-08 15:15:56,1
172,http://baojia.com,http://www.baojia.com/about/jobs/,service@baojia.com,service@baojia.com,"","","",2015-09-08 15:15:56,1
173,http://baydynamics.com,http://baydynamics.com/careers,careers@baydynamics.com,"support@baydynamics.com,sales@baydynamics.com",https://www.linkedin.com/company/bay-dynamics,https://www.facebook.com/bay.dynamics,https://twitter.com/baydynamics,2015-09-08 15:15:56,1
174,http://bbkworldwide.com,http://www.bbkworldwide.com/contact/careers.aspx,jobs@bbkworldwide.com,"",http://www.linkedin.com/company/598590,"",https://twitter.com/bbkworldwide,2015-09-08 15:15:56,1
175,http://bayinteractive.com,http://bayinteractive.com/,"hr@bayinteractive.com,admin@bayinteractive.com","hr@bayinteractive.com,admin@bayinteractive.com","",https://www.facebook.com/bayinteractive,https://twitter.com/bayinteractive,2015-09-08 15:15:56,1
176,http://baynote.com,http://www.baynote.com/careers/,referrals@baynote.com,"sales@baynote.com,support@baynote.com","","","",2015-09-08 15:15:56,1
177,http://beaconsecurities.ca,http://beaconsecurities.ca/careers/,careers@beaconsecurities.ca,"","","","",2015-09-08 15:15:56,1
178,http://beatsbydre.com,http://www.beatsbydre.com/newsandevents?SitesviewAll=yes&fdid=career,press@beatsbydre.com,press@beatsbydre.com,"",http://www.facebook.com/beatsbydre,http://twitter.com/beatsbydre,2015-09-08 15:15:56,1
179,http://beautyworksonline.com,http://beautyworksonline.com/careers,"customerservice@beautyworks.co.uk,trade@beautyworksonline.com","customerservice@beautyworks.co.uk,colourmatchme@beautyworks.co.uk,trade@beautyworksonline.com","","",http://twitter.com/#!/beauty_works,2015-09-08 15:15:56,1
180,http://beediecapital.com,http://beediecapital.com/careers,"",info@beediecapital.com,"","","",2015-09-08 15:15:56,1
181,http://Beautychoice.com,http://www.beautychoice.com/pages/jobs.html,"",csupport@beautychoice.com,"",http://www.facebook.com/beautychoice,"",2015-09-08 15:15:56,1
182,http://beckettrobb.com,http://beckettrobb.com/careers,"careers@beckettrobb.com,sales@beckettrobb.com","sales@beckettrobb.com,saltlake@beckettrobb.com,shop@beckettrobb.com,sanfrancisco@beckettrobb.com,provo@beckettrobb.com,farmington@beckettrobb.com","",http://www.facebook.com/beckettrobb,"",2015-09-08 15:15:56,1
183,http://BeeInPlay.com,http://www.hugedomains.com/,"","","","","",2015-09-08 15:15:56,1
184,http://beehively.com,http://beehively.com/careers,"careers@beehively.com,support@beehively.com",support@beehively.com,"","","",2015-09-08 15:15:56,1
185,http://beelinenow.com,http://beelinenow.com/careers/,"careers@beelinenow.com,hello@beelinenow.com",hello@beelinenow.com,https://www.linkedin.com/company/3273822?trk=vsrp_companies_res_name&trkInfo=VSRPsearchId%3A296016121409077908671%2CVSRPtargetId%3A3273822%2CVSRPcmpt%3Aprimary,https://www.facebook.com/BEELINEnow,https://twitter.com/BEELINENOW,2015-09-08 15:15:56,1
186,http://beeminder.com,http://beeminder.com/jobs,"",support@beeminder.com,"",http://www.facebook.com/Beeminder,http://twitter.com/beemuvi,2015-09-08 15:15:56,1
187,http://beeketing.com,https://beeketing.com/careers,"",hello@beeketing.com,"",https://www.facebook.com/beeketing,https://twitter.com/beeketing,2015-09-08 15:15:56,1
188,http://beepl.com,http://jobs.brandembassy.com,"","pakistan@brandembassy.com,slovakia@brandembassy.com,colombia@brandembassy.com,svarc@brandembassy.com,netherlands@brandembassy.com,horky@brandembassy.com,uae@brandembassy.com,espana@brandembassy.com,portugal@brandembassy.com,turkey@brandembassy.com",https://www.linkedin.com/company/brand-embassy-ltd-,https://www.facebook.com/likebrandembassy,https://twitter.com/Brand_Embassy,2015-09-08 15:15:56,1
189,http://beatboxbeverages.com,http://www.beatboxbeverages.com/careers/,"careers@beatboxbeverages.com,contact@beatboxbeverages.com,aimy@beatboxbeverages.com","spencer@beatboxbeverages.com,contact@beatboxbeverages.com,brad@beatboxbeverages.com,dan@beatboxbeverages.com,jared@beatboxbeverages.com,bridget@beatboxbeverages.com,aimy@beatboxbeverages.com,justin@beatboxbeverages.com,marco@beatboxbeverages.com,jason@beatboxbeverages.com",http://www.linkedin.com/company/beatbox-beverages-llc,https://www.facebook.com/BeatboxBeverages,https://twitter.com/beatboxbevs,2015-09-08 15:15:56,1
190,http://behavemedia.com,http://behavemedia.com/company/careers.php,careers@behavemedia.com,"publishers@behavemedia.com,general@behavemedia.com,advertisers@behavemedia.com,sales@behavemedia.com","","","",2015-09-08 15:15:56,1
191,http://bellbrooklabs.com,http://bellbrooklabs.com/company/careers,"","","","","",2015-09-08 15:15:56,1
192,http://bellabox.sg,http://bellabox.sg/working-at-bella/,"","","",http://www.facebook.com/bellaboxAsia,http://twitter.com/bellaboxasia,2015-09-08 15:15:56,1
193,http://belugashave.com,http://www.belugashave.com/jobs,jobs@belugashave.com,"","",http://www.facebook.com/belugashave,"",2015-09-08 15:15:56,1
194,http://berecruited.com,https://new.berecruited.com/resources/about#careers,"",contact@berecruited.com,"",https://www.facebook.com/BeRecruited,https://twitter.com/beRecruited,2015-09-08 15:15:56,1
195,http://bemyguest.com.sg,http://bemyguest.com.sg/careers,"contact@bemyguest.com.sg,marketing@bemyguest.com.sg,careers@bemyguest.com.sg,concierge@bemyguest.com.sg","finance@bemyguest.com.sg,partners@bemyguest.com.sg,marketing@bemyguest.com.sg,contact@bemyguest.com.sg,tech@bemyguest.com.sg,sales@bemyguest.com.sg,concierge@bemyguest.com.sg",http://www.linkedin.com/company/bemyguest-travel,https://www.facebook.com/bemyguesttravel,https://twitter.com/bemyguesttravel,2015-09-08 15:15:56,1
196,http://bergenmedicalproducts.com,http://www.bergenmedicalproducts.com/careers.htm,"contact@bergenmedicalproducts.com,careers@bergenmedicalproducts.com",contact@bergenmedicalproducts.com,"","","",2015-09-08 15:15:56,1
197,http://bergquistcompany.com,http://www.bergquistcompany.com/careers/,"","","","","",2015-09-08 15:15:56,1
198,http://banyanbranch.com,http://www.deloittedigital.com/careers,dd-info@deloitte.com,"dd-info@deloitte.ca,dd-info@tohmatsu.co.jp,dd-info@deloitte.com",http://www.linkedin.com/company/deloitte-digital,"","",2015-09-08 15:15:56,1
199,http://bentoforbusiness.com,http://bentoforbusiness.com/careers/,"","",https://www.linkedin.com/company/bento-inc-,https://www.facebook.com/bentoforbusiness,https://twitter.com/bentoforbiz,2015-09-08 15:15:56,1
200,http://0idle.com,http://0idle.com/careers,"","","",http://www.facebook.com/namedotcom,"",2015-09-08 15:15:56,1
201,http://091labs.com,http://091labs.com/membership/,"",info@091labs.com,"",http://www.facebook.com/091labs,"",2015-09-08 15:15:56,1
202,http://18F.gsa.gov,https://pages.18f.gov/joining-18f,"",18f@gsa.gov,"","",https://twitter.com/18F,2015-09-08 15:15:56,1
203,http://13thlab.com,http://www.bluehost.com/careers,"","education@bluehost.com,feedback@bluehost.com,legal@bluehost.com,website@bluehost.com,careers@bluehost.com,businessdevelopment@bluehost.com",http://www.linkedin.com/company/bluehost.com,https://www.facebook.com/bluehost?sk=app_217146381660299,https://twitter.com/bluehost,2015-09-08 15:15:56,1
204,http://1bog.org,http://pureenergies.com/us/about/careers/,jobs@pureenergies.com,"press@pureenergies.com,customercare@pureenergies.com","","",http://twitter.com/PureEnergiesUS,2015-09-08 15:15:56,1
205,http://1sb.com,https://jobs.lever.co/1studentbody,"",hey@1sb.com,https://www.linkedin.com/in/aylinahmet,https://www.facebook.com/1StudentBody,https://twitter.com/AylinAhmet,2015-09-08 15:15:56,1
206,http://199jobs.com,http://199jobs.com/jobs/category/writing/auto/page/1,"",admin@199jobs.com,"","",http://twitter.com/199jobs,2015-09-08 15:15:56,1
207,http://1energysystems.com,http://www.1energysystems.com/jobs/,jobs@1energysystems.com,info@1energysystems.com,"","","",2015-09-08 15:15:56,1
208,http://1touchpoint.com,http://1touchpoint.com/about-us/careers,cci-hr@1touchpoint.com,info@1touchpoint.com,http://www.linkedin.com/company/2630678?trk=tyah,http://www.facebook.com/OneTouchPoint,http://twitter.com/OneTouchPoint,2015-09-08 15:15:56,1
209,http://2015games.net,http://2015games.net/careers.html,"","","","","",2015-09-08 15:15:56,1
210,http://24-m.com,http://24-m.com/careers/,"",info@24-m.com,https://www.linkedin.com/company/24m-technologies,https://www.facebook.com/24MTechnologies,"",2015-09-08 15:15:56,1
211,http://20uses.com,http://www.20uses.com/careers/,careers@20uses.com,ask@20uses.com,http://www.linkedin.com/company/20uses,http://www.facebook.com/20Uses,http://twitter.com/MrMohammedSalah,2015-09-08 15:15:56,1
212,http://2Event.com,http://2Event.com/jobs,support@2event.com,support@2event.com,"",https://www.facebook.com/dialog/oauth?client_id=419967184740913&redirect_uri=http://2event.com/oauth?provider=facebook&response_type=code&display=popup&scope=email,https://twitter.com/2Event_events,2015-09-08 15:15:56,1
213,http://2gears.com,http://2gears.com/jobs/,bert@2gears.com,"",https://www.linkedin.com/company/2gears-sarl,"","",2015-09-08 15:15:56,1
214,http://2U.com,http://2U.com/careers/,"",careers@2u.com,"",https://www.facebook.com/2u,https://twitter.com/2Uinc,2015-09-08 15:15:56,1
215,http://33sticks.com,http://33sticks.com/join-us/,info@33sticks.com,info@33sticks.com,"",https://www.facebook.com/33sticks,https://twitter.com/33sticks,2015-09-08 15:15:56,1
216,http://365datacenters.com,http://365datacenters.com/company/company-careers/,jobs@365datacenters.com,"service@365datacenters.com,sales@365datacenters.com",https://www.linkedin.com/company/365datacenters,https://www.facebook.com/pages/365-Data-Centers/729362283750640,https://twitter.com/365datacenters,2015-09-08 15:15:56,1
217,http://360imaging.com,http://360imaging.com/careers.html,"",info@360imaging.com,http://www.linkedin.com/company/360imaging,https://www.facebook.com/pages/360imaging/323921023939,"",2015-09-08 15:15:56,1
218,http://3dna.us,http://nationbuilder.com/jobs,"","",https://www.linkedin.com/company/nationbuilder,http://www.facebook.com/groups/nationbuilder/,"",2015-09-08 15:15:56,1
219,http://3dnear.me,http://3dnear.me/,"","","","","",2015-09-08 15:15:56,1
220,http://3mbassy.com,http://3mbassy.com/careers.html,hello@3mbassy.com,"hello@3mbassy.com,biz@3mbassy.com","","",http://twitter.com/3mbassy,2015-09-08 15:15:56,1
221,http://3drobotics.com,http://3drobotics.com/careers/,"","","","",http://twitter.com/3drobotics,2015-09-08 15:15:56,1
222,http://3DLT.com,http://3dlt.com/jobs,"",support@3dlt.com,https://www.linkedin.com/company/3dlt,https://www.facebook.com/3dltcom,https://twitter.com/3dlt,2015-09-08 15:15:56,1
223,http://3tera.com,http://www.ca.com/us/careers.aspx,"","",http://www.linkedin.com/company/ca-technologies,http://www.facebook.com/CATechnologies,http://twitter.com/CAInc,2015-09-08 15:15:56,1
224,http://2gbc.us,https://www.facebook.com/careers/?ref=pf,"","","",https://www.facebook.com/,"",2015-09-08 15:15:56,1
225,http://42matters.com,http://42matters.workable.com/,"",info@42matters.com,https://www.linkedin.com/company/42matters,https://www.facebook.com/42matters,https://twitter.com/42matters,2015-09-08 15:15:56,1
226,http://42coffeecups.com,http://42coffeecups.com/jobs/,"","","","",http://twitter.com/42cc,2015-09-08 15:15:56,1
227,http://42floors.com,https://42floors.com/jobs,"","support@42floors.com,listings@42floors.com,sayhello@42floors.com","","",https://twitter.com/42floors,2015-09-08 15:15:56,1
228,http://3playmedia.com,http://www.3playmedia.com/company/jobs/,info@3playmedia.com,info@3playmedia.com,http://www.linkedin.com/company/3play-media,http://www.facebook.com/pages/3Play-Media/82200682872,"",2015-09-08 15:15:56,1
229,http://49research.com,http://49research.com/jobs/,"info@49research.com,jobs@49research.com",info@49research.com,"",http://www.facebook.com/49research,http://twitter.com/49research,2015-09-08 15:15:56,1
230,http://4pt0.org,http://4pt0.org/about/careers/,info@4pt0.org,info@4pt0.org,http://www.linkedin.com/company/4.0-schools,https://www.facebook.com/media/set/?set=a.191241344230043.41400.188783894475788&type=1&l=c1bd9c6a5c,http://twitter.com/4pt0schools,2015-09-08 15:15:56,1
231,http://500px.com,https://500px.com/jobs,"",help@500px.com,https://www.linkedin.com/companies/500px,"",https://twitter.com/500px,2015-09-08 15:15:56,1
232,http://500.co,https://angel.co/jobs?slug=500startups,"","",http://www.linkedin.com/company/1443207,https://www.facebook.com/500startups,https://twitter.com/500startups,2015-09-08 15:15:56,1
233,http://540.co,http://540.co/jobs.html,"","",https://www.linkedin.com/in/jobrieniii,https://www.facebook.com/jobrieniii,https://twitter.com/jobrieniii,2015-09-08 15:15:56,1
234,http://53.com,https://www.53.com/careers,"","",http://www.linkedin.com/company/fifth-third-bank/,https://www.facebook.com/fifththirdbank,"",2015-09-08 15:15:56,1
235,http://5two3.com,http://5two3.com/pages/careers,"","","",https://www.facebook.com/5two3,"",2015-09-08 15:15:56,1
236,http://60mo.com,http://www.freeagent.com/company/jobs/,"support@freeagent.com,jobs@freeagent.com","partners@freeagent.com,accountants@freeagent.com,media@freeagent.com,support@freeagent.com,hello@freeagent.com","","",https://twitter.com/freeagent,2015-09-08 15:15:56,1
237,http://6degreesit.com/KumoTeam,http://www.6degreesit.com/about-us/careers/,"","","",https://www.facebook.com/pages/6DegreesIT/1435497363375115,https://twitter.com/6degrees_IT,2015-09-08 15:15:56,1
238,http://5thplanetgames.com,http://www.5thplanetgames.com/careers,"","","",http://www.facebook.com/5thPlanetGames,http://twitter.com/5thplanetgames,2015-09-08 15:15:56,1
239,http://80pct.com,http://80pct.com/index-about.html#Jobs,"support@80pct.com,fred@80pct.com",support@80pct.com,http://www.linkedin.com/company/3504560?goback=%2Enpv_224753_*1_*1_*1_*1_*1_*1_*1_*1_*1_*1_*1_*1_*1_*1_*1_*1_*1_*1_*1_*1_*1_*1_*1_*1_*1_*1_*1_*1_*1_*1_*1_*1_*1_*1_spm*4pic_*1&trk=NUS_CMPA-comp_nm,https://www.facebook.com/freedomapp,https://twitter.com/freedom_app,2015-09-08 15:15:56,1
240,http://8i.com,http://8i.com/jobs,"","","",https://www.facebook.com/8iReality,https://twitter.com/8iReality,2015-09-08 15:15:56,1
241,http://90sbaby.com,http://www.hugedomains.com/,"","","","","",2015-09-08 15:15:56,1
242,http://8tracks.com,http://8tracks.com/jobs,"","",https://www.linkedin.com/in/fredmcintyre,"",http://twitter.com/8tracks,2015-09-08 15:15:56,1
243,http://91springboard.com,http://jobs.91springboard.com,"",info@91springboard.com,http://www.linkedin.com/company/91springboard,https://www.facebook.com/91springboard,https://twitter.com/91springboard,2015-09-08 15:15:56,1
244,http://9flats.com,http://about.9flats.com/jobs/open-positions,recruiting@9flats.com,support@9flats.com,"",http://www.facebook.com/9flats,http://twitter.com/9flats,2015-09-08 15:15:56,1
245,http://87seconds.com,http://www.87seconds.com/en/page/jobs,hello@87seconds.com,hello@87seconds.com,http://www.linkedin.com/company/2725452?trk=tyah,http://www.facebook.com/87Seconds,http://twitter.com/87Seconds,2015-09-08 15:15:56,1
246,http://99designs.com,http://99designs.com/about/jobs,"","","",http://www.facebook.com/99designs,"",2015-09-08 15:15:56,1
247,http://A9.com,http://A9.com/careers/,"","",http://www.linkedin.com/company/a9.com,"","",2015-09-08 15:15:56,1
248,http://aa.com,http://careers.aa.com/en/ac/home,"","","","",http://twitter.com/americanair,2015-09-08 15:15:56,1
249,http://a2zlogix.com,http://www.a2zlogix.com/careers/,hr@a2zlogix.com,sales@a2zlogix.com,https://www.linkedin.com/company/a2zlogix,https://www.facebook.com/A2Zlogix,https://twitter.com/A2zlogix,2015-09-08 15:15:56,1
250,http://A-Krealestate.com,http://www.a-krealestate.com/about/careers/,info@a-krealestate.com,info@a-krealestate.com,"",http://www.facebook.com/AKR.Inc,http://twitter.com/#!/akrealestateinc,2015-09-08 15:15:56,1
251,http://aavid.com,http://www.aavid.com/company/careers,recruiting@aavid.com,"eudc@aavid.com,sales.eu@aavid.com,khealy@allcastinc.com,twdc@aavid.com,sales.china@aavid.com,nedc@aavid.com,txdc@aavid.com,info@aavid.com,sales.sg@aavid.com,shdc@aavid.com,sales.in@aavid.com,cadc@aavid.com",https://www.linkedin.com/company/aavid-thermalloy,https://www.facebook.com/pages/Aavid-Corporation/156563601114054,https://twitter.com/#!/AavidCorp,2015-09-08 15:15:56,1
252,http://abgtech45@gmail.com,https://www.google.com/about/careers/lifeatgoogle/,"","","","","",2015-09-08 15:15:56,1
253,http://abacus.com,https://www.abacus.com/about#jobs,hi@abacus.com,hi@abacus.com,https://www.linkedin.com/company/abacus-labs,https://www.facebook.com/abacuslabs,http://twitter.com/abacus,2015-09-08 15:15:56,1
254,http://abh.com,http://www.organogenesis.com/careers/careers.html,"","medinfo@organo.com,alowe@organo.com","","","",2015-09-08 15:15:56,1
255,http://abhighunawat@gmail.com,https://www.google.com/about/careers/lifeatgoogle/,"","","","","",2015-09-08 15:15:56,1
256,http://abhishek8579@gmail.com,https://www.google.com/about/careers/lifeatgoogle/,"","","","","",2015-09-08 15:15:56,1
257,http://a-cross.com/health,http://a-cross.com/health/about/careers,veerle.dewilde@a-cross.com,"",http://www.linkedin.com/company/across-health,"",https://twitter.com/share,2015-09-08 15:15:56,1
258,http://about.edsurge.com,http://careers.edsurge.com/,"",feedback@edsurge.com,"","",http://twitter.com/edsurge,2015-09-08 15:15:56,1
259,http://about.eqvilibria.com,http://www.hugedomains.com/,"","","","","",2015-09-08 15:15:56,1
260,http://about.mapmyfitness.com/contact/work-for-us,http://www.underarmour.jobs/,"","","","",http://twitter.com/UnderArmour,2015-09-08 15:15:56,1
261,http://about.hatchlings.com,http://careers.hatchlings.com,"","","","","",2015-09-08 15:15:56,1
262,http://abledit.com,http://abledit.com/signup/school,"sales@abledit.com,support@abledit.com","sales@abledit.com,support@abledit.com,registration@abledit.com",https://www.linkedin.com/company/abledit,https://www.facebook.com/abledit,https://twitter.com/abledit,2015-09-08 15:15:56,1
263,http://aasonn.com,http://www.aasonn.com/careers/,"","",http://www.linkedin.com/company/298358?goback=%2Efcs_GLHD_aasonn_false_*2_*2_*2_*2_*2_*2_*2_*2_*2_*2_*2_*2&trk=ncsrch_hits,https://www.facebook.com/#!/pages/Aasonn/214176505345737,https://twitter.com/aasonn,2015-09-08 15:15:56,1
264,http://about.moi.st/en,http://about.moi.st/en/recruit/,"","","","","",2015-09-08 15:15:56,1
265,http://about.telus.com/ventures/en/index.html,http://about.telus.com/community/english/careers,"","",http://www.linkedin.com/company/telus,http://www.facebook.com/telus,"",2015-09-08 15:15:56,1
266,http://academia.edu,https://www.academia.edu/Jobs,"","",http://www.linkedin.com/in/nate00,"",https://twitter.com/richardprice100,2015-09-08 15:15:56,1
267,http://acaciaresearch.com,http://acaciaresearch.com/careers/,info@acaciares.com,"clients@acaciaresearch.com,medicalclients@acaciaresearch.com,acacia@specopscomm.com,ir@acaciaresearch.com,info@acaciaresearch.com",http://www.linkedin.com/company/acacia-research,"",https://twitter.com/Acacia_Research,2015-09-08 15:15:56,1
268,http://absio.com,https://absio.com/company/careers,"","",http://www.linkedin.com/company/absio,https://www.facebook.com/Absio,https://twitter.com/absio,2015-09-08 15:15:56,1
269,http://abzena.com,http://abzena.com/careers,"nicola.collett@polytherics.com,icola.collett@polytherics.com","",https://www.linkedin.com/company/abzena,"",https://twitter.com/AbzenaGroup,2015-09-08 15:15:56,1
270,http://acceleratelegal.com,http://acceleratelegal.com/careers/,info@acceleratelegal.com,info@acceleratelegal.com,"","","",2015-09-08 15:15:56,1
271,http://accipiterradar.com,http://hosting-canada.ca/jobs,jobs@whc.ca,"","","",https://twitter.com/WebHostCanada,2015-09-08 15:15:56,1
272,http://accudialpharmaceutical.com,http://www.hugedomains.com/,"","","","","",2015-09-08 15:15:56,1
273,http://accelario.com,http://accelario.com/careers/,hr@accelario.com,info@accelario.com,"","","",2015-09-08 15:15:56,1
274,http://accesssportsmedia.com,http://accesssportsmedia.com/careers/,"","",https://www.linkedin.com/company/2675106?trk=tyah#,https://www.facebook.com/AccessSportsMedia?fref=ts,https://twitter.com/AccessSports_,2015-09-08 15:15:56,1
275,http://acceleratediagnostics.com,http://acceleratediagnostics.com/careers/,"",contact@axdx.com,https://www.linkedin.com/company/accelerate-diagnostics,https://www.facebook.com/pages/Accelerate-Diagnostics/1417483131892268,https://twitter.com/AXDXNews,2015-09-08 15:15:56,1
276,http://achatespower.com,http://achatespower.com/careers/,"","",https://www.linkedin.com/company/achates-power,https://www.facebook.com/AchatesPowerInc,https://twitter.com/achatespower,2015-09-08 15:15:56,1
277,http://51job.com,http://jobs.51job.com,"hr@51job.com,club@51job.com","guangzhou@51job.com,os.changsha@51job.com,harbin@51job.com,callcenter@51job.com,club@51job.com,hangzhou@51job.com,shanghai@51job.com,tianjin@51job.com,os.tianjin@51job.com,chongqing@51job.com,os.shanghai@51job.com,xian@51job.com,os.jinan@51job.com,os.hefei@51job.com,os.beijing@51job.com,hefei@51job.com,training.nanjing@51job.com,os.hangzhou@51job.com,training.wuhan@51job.com,hr@51job.com,jinan@51job.com,os.dongguan@51job.com,os.chongqing@51job.com,os.changchun@51job.com,os.shenyang@51job.com,fuz","","","",2015-09-08 15:15:56,1
278,http://accelerateit.com,http://accelerateit.com/careers/,info@accelerateit.com,info@accelerateit.com,http://www.linkedin.com/company/accelerate-it?trk=hb_tab_compy_id_2350389,https://www.facebook.com/pages/Accelerate-IT/462881493781260,https://twitter.com/TheAccelerateIT,2015-09-08 15:15:56,1
279,http://acceleratechange.org,http://acceleratechange.org/job-openings/,"",info@acceleratechange.org,"","","",2015-09-08 15:15:56,1
280,http://acorns.com,https://acorns.com/careers/,jobs@acorns.com,"",http://www.linkedin.com/pub/walter-cruttenden/34/97b/580,https://www.facebook.com/AcornsGrow,http://twitter.com/justin_Mu_Mr,2015-09-08 15:15:56,1
281,http://ace-venturelab.org,http://www.ace-venturelab.org/jobs/,info@ace-vlab.nl,info@ace-vlab.nl,http://www.linkedin.com/company/amsterdam-center-for-entrepreneurship,https://www.facebook.com/amsterdam.center.for.entrepreneurship,https://twitter.com/ACE_VLab,2015-09-08 15:15:56,1
282,http://acommerce.asia,http://www.acommerce.asia/join-us/,info@acommerce.asia,"tom@acommerce.asia,hadi@acommerce.asia,sabina@acommerce.asia,info@acommerce.asia,adrian@ardentcap.com,ray.alimurung@acommerce.asia,felicia@acommerce.asia,snorre@acommerce.asia",http://www.linkedin.com/company/acommerce,https://www.facebook.com/acommerce.asia,https://twitter.com/aCommerceASIA,2015-09-08 15:15:56,1
283,http://actionx.com,http://www.actionx.com/index.html#jobs,"","",http://www.linkedin.com/in/evanschwartz,"",https://twitter.com/ActionXinc,2015-09-08 15:15:56,1
284,http://acrobatiq.com,http://acrobatiq.com/about/careers/,info@acrobatiq.com,info@acrobatiq.com,http://www.linkedin.com/company/3209634,https://www.facebook.com/Acrobatiq,https://twitter.com/acrobatiq,2015-09-08 15:15:56,1
285,http://activeintime.com,http://info.activeintime.com/jobs/,"",hello@activeintime.com,"","","",2015-09-08 15:15:56,1
286,http://activeinternational.com,http://activeinternational.com/about-us/careers,"",solutions@activeinternational.com,http://www.linkedin.com/company/active-international,http://www.facebook.com/activeinternational,https://twitter.com/ActiveIntl,2015-09-08 15:15:56,1
287,http://activebuilding.com,http://activebuilding.com/company/careers/,"",info@activebuilding.com,http://www.linkedin.com/company/activebuilding,http://www.facebook.com/activebuilding,http://twitter.com/activebuilding,2015-09-08 15:15:56,1
288,http://activelylearn.com,http://www.activelylearn.com/jobs/,info@activelylearn.com,"info@activelylearn.com,nfo@activelylearn.com","",http://www.facebook.com/activelylearn,https://twitter.com/activelylearn,2015-09-08 15:15:56,1
289,http://acrisure.com,http://acrisure.com/careers/,"","",http://www.linkedin.com/company/acrisure,"",https://twitter.com/AcrisureLLC,2015-09-08 15:15:56,1
290,http://activehours.com,https://activehours.com/Register,"","support@activehours.com,jobs@activehours.com","",https://www.facebook.com/activehours,https://twitter.com/ActiveHours,2015-09-08 15:15:56,1
291,http://activepower.com,http://www.activepower.com/careers/,hremploy@activepower.com,"",https://www.linkedin.com/company/19746?trk=cws-btn-overview-0-0,"",https://twitter.com/activepower,2015-09-08 15:15:56,1
292,http://actuatedmedical.com,http://actuatedmedical.com/careers.html,"careers@actuatedmedical.com,info@actuatedmedical.com",info@actuatedmedical.com,"","","",2015-09-08 15:15:56,1
293,http://activelifescientific.com,http://www.activelifescientific.com/join/careers/,hr@activelifescientific.com,info@activelifescientific.com,https://www.linkedin.com/company/2244421,https://www.facebook.com/pages/Active-Life-Scientific-Inc/295635807148545,https://twitter.com/activelifesci,2015-09-08 15:15:56,1
294,http://activatenetworks.net,http://decisionresourcesgroup.com/Careers,"","inquiries@dresourcesgroup.com,tmcclain@dresourcesgroup.com,inquiries@dresources.com",http://www.linkedin.com/company/activate-networks-inc-,https://www.facebook.com/ActivateNetworks,https://twitter.com/ActivateN,2015-09-08 15:15:56,1
295,http://adaptivebiotech.com,http://www.adaptivebiotech.com/about/careers,"","clinicalservices@adaptivebiotech.com,clientservices@adaptivebiotech.com,media@adaptivebiotech.com,info@adaptivebiotech.com","",https://www.facebook.com/pages/Adaptive-Biotechnologies/125974454184631,https://twitter.com/AdaptiveBiotech,2015-09-08 15:15:56,1
296,http://ada-works.com,http://www.synopsys.com/apps/company/synopsyscareers,"","",https://www.linkedin.com/company/synopsys,https://www.facebook.com/Synopsys,"",2015-09-08 15:15:56,1
297,http://adcarehealth.com,http://www.intercontinentalexchange.com/careers,"",info@adcarehealth.com,"","",https://twitter.com/nyse,2015-09-08 15:15:56,1
298,http://addact.de,https://addact.de/jobs.html,jobs@addact.de,"","",http://www.facebook.com/sharer/sharer.php?u=https://addact.de/PeterLicht-tickets/4.html,https://twitter.com/intent/tweet?url=https://addact.de/PeterLicht-tickets/4.html,2015-09-08 15:15:56,1
299,http://adaptimmune.com,http://www.adaptimmune.com/careers-all/,"usinfo@adaptimmune.com,info@adaptimmune.com","usinfo@adaptimmune.com,info@adaptimmune.com","","","",2015-09-08 15:15:56,1
300,http://adespresso.com,http://adespresso.com/jobs/,work@adespresso.com,"",http://www.linkedin.com/company/adespresso,https://www.facebook.com/AdEspresso,https://twitter.com/AdEspresso,2015-09-08 15:15:56,1
301,http://adgear.com,http://adgear.com/company/careers,jobs@adgear.com,"",http://www.linkedin.com/company/adgear,https://www.facebook.com/pages/AdGear/34349337177,https://twitter.com/adgear,2015-09-08 15:15:56,1
302,http://adatao.com,http://adatao.com/company/#join-us,"careers@adatao.com,info@adatao.com","careers@adatao.com,info@adatao.com",https://www.linkedin.com/company/adatao-inc-,https://www.facebook.com/AdataoInc,https://twitter.com/adataoinc,2015-09-08 15:15:56,1
303,http://adfora.com,http://adfora.com/page/careers,"","","",https://www.facebook.com/adforainc,https://twitter.com/adforainc,2015-09-08 15:15:56,1
304,http://addtotrip.co,http://mdl.am/about/jobs/,"privacy@momentumdesignlab.com,hello@momentumdesignlab.com","privacy@momentumdesignlab.com,hello@momentumdesignlab.com",http://www.linkedin.com/company/momentum-design-lab,https://www.facebook.com/momentumdesignlab,https://twitter.com/momentumdl,2015-09-08 15:15:56,1
305,http://adioso.com,http://adioso.com/jobs/,"","","",http://www.facebook.com/adioso/,"",2015-09-08 15:15:56,1
306,http://admabiologics.com,http://www.admabiologics.com/careers,"info@admabio.com,hr@admabio.com",info@admabio.com,"","","",2015-09-08 15:15:56,1
307,http://admittedly.com,https://admitted.ly/jobs,help@admitted.ly,help@admitted.ly,"","",http://twitter.com/admitted_ly,2015-09-08 15:15:56,1
308,http://admob.com,https://www.google.com/about/careers/lifeatgoogle/,"","","","",https://twitter.com/admob,2015-09-08 15:15:56,1
309,http://admobix.com,http://admobix.com/?c=AboutUs&a=careers,"",info@admobix.com,https://www.linkedin.com/company/admobix-inc-,https://www.facebook.com/adMobix,https://twitter.com/adMobix,2015-09-08 15:15:56,1
310,http://adknowledge.com,http://www.adknowledge.com/careers/,"",adsales@adknowledgeasia.com,https://www.linkedin.com/company/adknowledge-asia,http://www.facebook.com/AdknowledgeAPAC,https://twitter.com/AdknowledgeAPAC,2015-09-08 15:15:56,1
311,http://addictioncampus.com,http://www.addictioncampuses.com/about-us/careers,"","","",https://www.facebook.com/addictioncampuses,https://twitter.com/addictioncampus,2015-09-08 15:15:56,1
312,http://adrian.istrat@gmail.com,https://www.google.com/about/careers/lifeatgoogle/,"","","","","",2015-09-08 15:15:56,1
313,http://adproof.com,https://angel.co/jobs?startup_id=129260,"",support@adproof.com,http://www.linkedin.com/company/adproof,http://www.facebook.com/AdProof,https://twitter.com/AdProof,2015-09-08 15:15:56,1
314,http://adops.com,http://adops.com/about-us/careers/,"","",https://www.linkedin.com/company/781356,https://www.facebook.com/OAO,https://twitter.com/adops,2015-09-08 15:15:56,1
315,http://adRise.com,http://adRise.com/jobs,"","","","","",2015-09-08 15:15:56,1
316,http://adnear.com,http://near.co/careers.php,"","bangalore@near.co,uk@near.co,australia@near.co,japan@near.co,us@near.co,singapore@near.co",https://www.linkedin.com/company/2811352?trk=prof-0-ovw-curr_pos,http://www.facebook.com/NearPlatform,"",2015-09-08 15:15:56,1
317,http://AdscendMedia.com,http://AdscendMedia.com/about/careers,"","",http://www.linkedin.com/company/adscend-media-llc,http://www.facebook.com/Adscend,https://twitter.com/adscend,2015-09-08 15:15:56,1
318,http://adsparx.in,http://adsparx.in/careers.html,"careers@adsparx.in,careers@adsparx.co,sales@adsparx.co","careers@adsparx.in,careers@adsparx.co,sales@adsparx.co",https://www.linkedin.com/company/3291274,https://www.facebook.com/adsparx,https://twitter.com/adsparx,2015-09-08 15:15:56,1
319,http://advancedbiomarker.com,http://abt-mi.com/en/careers/,"","",https://www.linkedin.com/company/763705?trk=tyah&trkInfo=clickedVertical%3Acompany%2Cidx%3A1-1-1%2CtarId%3A1433874953776%2Ctas%3Aabt%20molecul,https://www.facebook.com/ABTMolecularImaging,"",2015-09-08 15:15:56,1
320,http://AdVolume.com,http://AdVolume.com/about.html,"",support@advolume.com,https://www.linkedin.com/company/advolume/,"","",2015-09-08 15:15:56,1
321,http://advfn.co.uk,http://www.advfn.com/jobs,jobs@advfn.com,"johnw@advfn.com,support@advfn.com,advertise@advfn.com","","","",2015-09-08 15:15:56,1
322,http://aep.com,http://aep.com/careers/,"","","",https://www.facebook.com/AmericanElectricPower,"",2015-09-08 15:15:56,1
323,http://adventuremob.com,http://adventuremob.com/jobs/,"","","","",https://twitter.com/AdventureMob,2015-09-08 15:15:56,1
324,http://aerdata.com,http://aerdata.com/careers.html,"info@aerdata.com,julie.ward@jeppesen.com",info@aerdata.com,http://www.linkedin.com/company/aerdata-b.v.,"",http://twitter.com/aerdata,2015-09-08 15:15:56,1
325,http://aecom.com,http://aecom.com/Careers,"agrsissues@aecom.com,careers@aecom.com","",http://www.linkedin.com/company/15656,"","",2015-09-08 15:15:56,1
326,http://aeropostale.com,http://www.aeropostalecareers.com,"aeropostaleinc5@gmail.com,aeropostale_inc@aol.com,aeropostaleinc@hotmail.com","","","","",2015-09-08 15:15:56,1
327,http://affinitysolutions.com,https://affinitysolutions.com/e/afs/careers.html,recruiting@affinitysolutions.com,"acquirers-nyc@affinitysolutions.com,invest-nyc@affinitysolutions.com,merchantinfo@affinitysolutions.com,corporate-partner-nyc@affinitysolutions.com,fiinfo@affinitysolutions.com,retail-partner-nyc@affinitysolutions.com",https://www.linkedin.com/company/affinity-solutions,"",https://twitter.com/AffinitySolutns,2015-09-08 15:15:56,1
328,http://aeti.com,http://www.aeti.com/careers,"racree@aeti.com,info@aeti.com","media@aeti.com,webadmin@aeti.com,spareparts@mielectric.com,investorrelations@aeti.com,info@aeti.com,jobs@aeti.com","","","",2015-09-08 15:15:56,1
329,http://affirmednetworks.com,http://www.affirmednetworks.com/company/careers/,"careers@affirmednetworks.com,info@affirmednetworks.com",info@affirmednetworks.com,"","",https://twitter.com/share,2015-09-08 15:15:56,1
330,http://aframeseyewear.com,http://www.aframeseyewear.com/careers/,info@aframeseyewear.com,"info@aframeseyewear.com,wes@dryden.co,cole@dryden.co","",https://www.facebook.com/aframeseyewear,https://twitter.com/Aframes,2015-09-08 15:15:56,1
331,http://aelogica.com,https://aelogica.com/careers,jobs@aelogica.com,"",http://www.linkedin.com/company/aelogica-llc,"",https://twitter.com/AELOGICA,2015-09-08 15:15:56,1
332,http://adjuno.com,http://www.cssolutions.com.hk/career,"",info@cssolutions.com.hk,"","","",2015-09-08 15:15:56,1
333,http://aftrapp.com,http://www.aftrapp.com/careers/,teresa@aftrapp.com,teresa@aftrapp.com,http://www.linkedin.com/company/aftr,http://www.facebook.com/aftr_app,https://twitter.com/aftr_app,2015-09-08 15:15:56,1
334,http://aframe.com,http://aframe.com/about/company/careers,jobs@aframe.com,"uk@aframe.com,doug@highrezpr.com,us@aframe.com,gemma@neopr.co.uk",http://www.linkedin.com/company/1454451,http://www.facebook.com/Aframehq,http://twitter.com/aframehq,2015-09-08 15:15:56,1
335,http://agari.com,http://agari.com/jobs,"","info@agari.com,sales@agari.com,support@agari.com","","","",2015-09-08 15:15:56,1
336,http://agentace.com,http://agentace.com/about/careers/,"","","",http://www.facebook.com/AgentAceInc,https://twitter.com/AgentAce,2015-09-08 15:15:56,1
337,http://agbiome.com,http://www.agbiome.com/careers/,jobs@agbiome.com,"",https://www.linkedin.com/company/agbiome,"",https://twitter.com/agbiome,2015-09-08 15:15:56,1
338,http://agenusbio.com,http://agenusbio.com/activities/careers.php,staffingag@agenusbio.com,"andrea@argotpartners.com,bmiles@bmccommunications.com",https://www.linkedin.com/company/agenus,"",https://twitter.com/Agenus_Bio,2015-09-08 15:15:56,1
339,http://aericon.com,https://aericon.com/careers/,"",help@aericon.com,https://www.linkedin.com/company/aericon,"",http://twitter.com/aericon,2015-09-08 15:15:56,1
340,http://aez.berkeley.edu,http://aez.berkeley.edu/careers,"",aezberkeley@gmail.com,"","",http://twitter.com/AEZBerkeley,2015-09-08 15:15:56,1
341,http://agileblaze.com,http://agileblaze.com/careers/,"","bizdev@agileblaze.com,hrm@agileblaze.com,careers@agileblaze.com","","","",2015-09-08 15:15:56,1
342,http://aetn.com,http://www.aenetworks.com/careers,careerinfo@aenetworks.com,"classroom@aenetworks.com,aefeedback@aenetworks.com",http://www.linkedin.com/company/a-e-networks,https://www.facebook.com/AENetworks,http://twitter.com/aenetworks,2015-09-08 15:15:56,1
343,http://agriya.com,http://careers.ahsan.in,"",info@agriya.com,https://www.linkedin.com/company/agriya,https://www.facebook.com/agriya,https://twitter.com/agriya,2015-09-08 15:15:56,1
344,http://agriwebb.com,http://www.agriwebb.com/jobs.html,recruitment@agriwebb.com,"support@agriwebb.com,info@agriwebb.com",https://www.linkedin.com/company/agriwebb,https://www.facebook.com/agriwebb.au,https://twitter.com/agriwebb,2015-09-08 15:15:56,1
345,http://agile4practice.com/fishbonnsite/AboutFishBonn.aspx,http://agile4practice.com/fishbonnsite/AboutUs/JoinUs.aspx,"","","","","",2015-09-08 15:15:56,1
346,http://airtame.com,https://airtame.com/jobs,jobs@airtame.com,"","","","",2015-09-08 15:15:56,1
347,http://airlink.in,http://airlink.in/index.php/company/careers,"","","","","",2015-09-08 15:15:56,1
348,http://Aire.io,https://angel.co/aire/jobs,"","",https://www.linkedin.com/company/aire-io,http://www.facebook.com/airescore,http://twitter.com/AireScore,2015-09-08 15:15:56,1
349,http://aims.miamioh.edu,http://aims.muohio.edu/category/jobs/internships/,aims@muohio.edu,"aims@muohio.edu,glenn.platt@muohio.edu,glenn.platt@miamioh.edu,kate.schulte@miamioh.edu,kate.schulte@muohio.edu,aims@miamioh.edu","","",http://twitter.com/#!//,2015-09-08 15:15:56,1
350,http://aivvy.com,http://www.aivvy.com/jobs/,join@aivvy.com,hi@aivvy.com,"",https://www.facebook.com/pages/Aivvy-Inc/589576787835262,https://twitter.com/aivvy,2015-09-08 15:15:56,1
351,http://airspan.com,http://www.airspan.com/careers/,recruitment@airspan.com,sales@airspan.com,http://www.linkedin.com/company/12111,http://www.facebook.com/pages/Airspan-Networks-Inc/146547872063552?v=wall,http://twitter.com/airspannetworks,2015-09-08 15:15:56,1
352,http://airgain.com,http://www.airgain.com/contact/careers,careers@airgain.com,"emea@airgain.com,chinasales@airgain.com,taiwansales@airgain.com,info@airgain.com",http://www.linkedin.com/company/98027,"","",2015-09-08 15:15:56,1
353,http://aiming-inc.com,http://aiming-inc.com/ja/jobs/,"","","","","",2015-09-08 15:15:56,1
354,http://akqa.com,http://www.akqa.com/careers/,careers@akqa.com,"anna-louise.gladwell@akqa.com,simon.jefferson@akqa.com,mike.betts@akqa.com,david.miller@akqa.com,romain.lartigue@akqa.com,giles.mccormack@akqa.com,james.scott@akqa.com,amelia.okell@akqa.com,chip.gross@akqa.com,ricardo.honegger@akqa.com,info@akqa.com,jonathan.hum@akqa.com,anurag.bhatnagar@akqa.com,erik.rogstad@akqa.com,rem.reynolds@akqa.com,simone.schiefke@akqa.com,katrina.cabrera@akqa.com",https://www.linkedin.com/company/akqa,https://www.facebook.com/akqa,https://twitter.com/AKQA,2015-09-08 15:15:56,1
355,http://aktana.com,http://www.aktana.com/contact/careers,careers@aktana.com,sales@aktana.com,https://www.linkedin.com/company/475316,https://www.facebook.com/pages/Aktana/316623541706156,https://twitter.com/aktana_inc,2015-09-08 15:15:56,1
356,http://akanoo.com,http://akanoo.com/en/careers,"hallo@akanoo.com,hi@akanoo.com,janpaul@akanoo.com","","","","",2015-09-08 15:15:56,1
357,http://alafairbiosciences.com,http://alafairbiosciences.com/careers.html,"","","","","",2015-09-08 15:15:56,1
358,http://alanahealthcare.com,http://www.alanahealthcare.com/ahc/careers/,"","",http://www.linkedin.com/company/alana-healthcare,https://www.facebook.com/AlanaHealthCare,https://twitter.com/AlanaHealth,2015-09-08 15:15:56,1
359,http://alation.com,https://alation.com/careers/,"","",http://www.linkedin.com/in/ssangani,"",http://twitter.com/alation,2015-09-08 15:15:56,1
360,http://albemarle.com,http://albemarle.com/careers/career-opportunities-238.html,"","",http://www.linkedin.com/company/albemarle,http://www.facebook.com/albemarlecorp,http://twitter.com/#!/albemarlecorp,2015-09-08 15:15:56,1
361,http://alawar.com,http://company.alawar.com/career,job@alawar.com,"company@alawar.com,mobile@alawar.com,bizdev@alawar.com,games@alawar.com,dev@alawar.com,partners@alawar.com","",http://www.facebook.com/AlawarEntertainment,https://twitter.com/AlawarGames,2015-09-08 15:15:56,1
362,http://aldermore.co.uk,http://www.aldermore.co.uk/careers/,"","asset.finance@aldermore.co.uk,businesssavings@aldermore.co.uk,mortgage.sales@aldermore.co.uk,shortterm.finance@aldermore.co.uk,attract@aldermore.co.uk,mortgage.servicing@aldermore.co.uk,commercialmortgage@aldermore.co.uk,commercialmortgages@aldermore.co.uk,contactus@aldermore.co.uk,corporatesavings@aldermore.co.uk,mortgage.advisers@aldermore.co.uk,invoice.finance@aldermore.co.uk,businesslendingdirect@aldermore.co.uk,service@aldermoresavings.co.uk","",https://www.facebook.com/AldermoreBank,https://twitter.com/AldermoreBank,2015-09-08 15:15:56,1
363,http://alicanto.com,http://alicanto.com/careers,"",info@alicanto.com,http://www.linkedin.com/company/alicanto,https://www.facebook.com/AlicantoINC,https://twitter.com/alicanto,2015-09-08 15:15:56,1
364,http://aliv.co,http://www.bluehost.com/careers,"","education@bluehost.com,feedback@bluehost.com,legal@bluehost.com,website@bluehost.com,careers@bluehost.com,businessdevelopment@bluehost.com",http://www.linkedin.com/company/bluehost.com,https://www.facebook.com/bluehost?sk=app_217146381660299,https://twitter.com/bluehost,2015-09-08 15:15:56,1
365,http://allactionautomotive@facebook.com,https://www.facebook.com/careers/?ref=pf,"","","",https://www.facebook.com/,"",2015-09-08 15:15:56,1
366,http://AlignRevenue.com,http://alignrevenue.com/open_positions/,"","",http://www.linkedin.com/in/ricpratte,https://www.facebook.com/AlignRevenue,https://twitter.com/ricpratte,2015-09-08 15:15:56,1
367,http://allazohealth.com,http://allazohealth.com/careers,"contact@allazohealth.com,recruiting@allazohealth.com,internrecruiting@allazohealth.com",contact@allazohealth.com,"","",https://twitter.com/allazohealth,2015-09-08 15:15:56,1
368,http://allosventures.com,http://www.allosventures.com/careers/,resumes@allosventures.com,"","","","",2015-09-08 15:15:56,1
369,http://allevents.in,http://allevents.in/pages/join,career@allevents.in,"","","",https://twitter.com/allevents_in,2015-09-08 15:15:56,1
370,http://alliqua.com,http://alliqua.com/careers/,"hr@alliqua.com,productinfo@alliqua.com,ir@alliqua.com","productinfo@alliqua.com,ir@alliqua.com",http://www.linkedin.com/company/2771135,http://www.facebook.com/pages/Alliqua-Inc/188026194668144,http://twitter.com/alliquainc,2015-09-08 15:15:56,1
371,http://alltherooms.com,http://alltherooms.com/jobs,"","","",https://www.facebook.com/AllTheRooms,http://twitter.com/alltherooms,2015-09-08 15:15:56,1
372,http://allscripts.com/en/solutions/acute-solutions/care-management/overview.html,http://allscripts.com/company/careers,"","","",https://www.facebook.com/allscripts,https://twitter.com/Allscripts,2015-09-08 15:15:56,1
373,http://alltrails.com,http://alltrails.com/jobs,"","","",http://www.facebook.com/AllTrails,"",2015-09-08 15:15:56,1
374,http://almostfamily.com,http://almostfamily.com/careers.php,"","","","","",2015-09-08 15:15:56,1
375,http://allianz.com,https://www.allianz.com/en/careers/,",careers@allianz.com",",info@allianz.com",https://www.linkedin.com/company/allianz,https://www.facebook.com/allianz,https://twitter.com/Allianz,2015-09-08 15:15:56,1
376,http://allsourceanalysis.com,http://allsourceanalysis.com/careers/,info@allsourceanalysis.com,info@allsourceanalysis.com,https://www.linkedin.com/profile/view?id=282849806&authType=NAME_SEARCH&authToken=Rjtr&locale=en_US&trk=tyah&trkInfo=tarId%3A1414443974013%2Ctas%3Aallsource%20anal%2Cidx%3A1-1-1,https://www.facebook.com/pages/Allsource-Analysis/652766118113857,https://twitter.com/AllSourceA,2015-09-08 15:15:56,1
377,http://almostfamous.com,http://www.site5.com/about/careers/,"","","",http://www.facebook.com/site5,http://twitter.com/site5,2015-09-08 15:15:56,1
378,http://almirall.com,http://www.linkedin.com/company/almirall/careers,"","",http://www.linkedin.com/company/almirall/careers,"","",2015-09-08 15:15:56,1
379,http://alsbrickhousegrill@gmail.com,https://www.google.com/about/careers/lifeatgoogle/,"","","","","",2015-09-08 15:15:56,1
380,http://alphabetalabs.com,http://www.alphabetalabs.com/careers,"",contact@alphabetalabs.com,"","",http://twitter.com/swetansu,2015-09-08 15:15:56,1
381,http://alta5.com,http://alta5.com/careers/,"","","","","",2015-09-08 15:15:56,1
382,http://allinoneinternetsearch.com,https://search.aiois.com/jobs/,"","","",https://www.facebook.com/pages/All-in-one-Internet-Search/402575136517907,https://twitter.com/internet_search/,2015-09-08 15:15:56,1
383,http://altruistindia.com,http://altruistindia.com/career.html,hr@altruistindia.com,"hr@altruistindia.com,hirnya.kaushal@altruistindia.com,sameer.seth@altruistindia.com,sales@altruistindia.com,hari.singla@altruistindia.com","","","",2015-09-08 15:15:56,1
384,http://Altitude-sports.com,http://www.altitude-sports.com/en/careers,info@altitude-sports.com,info@altitude-sports.com,"",https://www.facebook.com/altitudesports,https://twitter.com/altitudesports_,2015-09-08 15:15:56,1
385,http://altheadx.com,http://jobs.smartsearchonline.com/altheadx/jobs/,support@idgenetix.com,support@idgenetix.com,"","","",2015-09-08 15:15:56,1
386,http://alvin.hunter@gmail.com,https://www.google.com/about/careers/lifeatgoogle/,"","","","","",2015-09-08 15:15:56,1
387,http://allianzcapitalpartners.com,http://www.allianzcapitalpartners.com/en/about-acp/careers/,moc.znailla@gnitiurcer.pca,"","","","",2015-09-08 15:15:56,1
388,http://aluxion.com/#!/en,http://aluxion.com/jobs/index.html,sign@aluxion.com,"barcelona@aluxion.com,hello@aluxion.com,madrid@aluxion.com,london@aluxion.com","",https://www.facebook.com/aluxion,https://twitter.com/AluxionLabs,2015-09-08 15:15:56,1
389,http://am.jpmorgan.co.uk/investment-trusts,http://am.jpmorgan.co.uk/investment-trusts/footer/working-for-us.aspx,"","","","","",2015-09-08 15:15:56,1
390,http://altvr.com,http://altvr.com/careers/,"","",http://www.linkedin.com/company/qualia3d,"",http://twitter.com/altspacevr,2015-09-08 15:15:56,1
391,http://altorise.com,http://altorise.com/jobs/,hi@altorise.com,"hello@altorise.com,sales@altorise.com,sirisha@altorise.com,hi@altorise.com,praveen@altorise.com","",https://www.facebook.com/Sirisha.M.Ravuri,http://twitter.com/altorise/statuses/636815689613860864,2015-09-08 15:15:56,1
392,http://allergenresearch.com,http://www.aimmune.com/about/careers/,"","","","","",2015-09-08 15:15:56,1
393,http://alvogen.com,http://www.alvogen.com/joinus,"","pharmacovigilance@alvogen.com,info@alvogen.com,pv_alvogen@norwichclinical.com",https://www.linkedin.com/company/alvogen,"",http://twitter.com/alvogenpr,2015-09-08 15:15:56,1
394,http://alphasights.com,http://www.alphasights.com/careers/what-we-do,"","careers.ny@alphasights.com,client.service@alphasights.com,admin@alphasights.com",http://www.linkedin.com/in/maxcartellieri,"","",2015-09-08 15:15:56,1
395,http://amasty.com,https://amasty.com/careers.html,support@amasty.com,support@amasty.com,"","",https://twitter.com/AmastyTeam,2015-09-08 15:15:56,1
396,http://amazon.com,https://www.amazon.com:443/gp/redirect.html/ref=footer_careers?ie=UTF8&location=https%3A%2F%2Fwww.amazon.jobs%2Fgp%2Fredirect.html%3Flocation%3D%252F&source=standards&token=FF7845C1B34BDDAFD0E692C47871165239084CAF,"","","","","",2015-09-08 15:15:56,1
397,http://ameinfo.com,http://jobs.ameinfo.com/,info@mediaquestcorp.com,"","",https://www.facebook.com/ameinfoeng,https://twitter.com/AMEInfonews,2015-09-08 15:15:56,1
398,http://americanmedicalsystems.com,http://www.bostonscientific.com/en-US/careers.html,"","","",http://www.facebook.com/bostonscientific,http://twitter.com/bostonsci,2015-09-08 15:15:56,1
399,http://americanwell.com,https://www.americanwell.com/careers/,jobs@americanwell.com,"",http://www.linkedin.com/company/american-well/products,https://www.facebook.com/americanwellpatient,https://twitter.com/americanwell,2015-09-08 15:15:56,1
400,http://ambarella.com,http://www.ambarella.com/about/careers,"jobs@ambarella.com,ambajobs@ambarella.com,careers@ambarella.com","","","","",2015-09-08 15:15:56,1
401,http://amida-tech.com,http://www.amida-tech.com/careers.html,hello@amida-tech.com,hello@amida-tech.com,https://www.linkedin.com/company/amida-tech,"",https://twitter.com/amida_tech,2015-09-08 15:15:56,1
402,http://americanrenal.com,http://www.americanrenal.com/careers/index.php,"hr@americanrenal.com,info@americanrenal.com","jcarlucci@americanrenal.com,info@americanrenal.com,skamal@americanrenal.com,jmcdonough@americanrenal.com","",http://www.facebook.com/pages/American-Renal-Associates/330279820328678,"",2015-09-08 15:15:56,1
403,http://americanpublicmedia.publicradio.org,http://www.americanpublicmedia.org/careers/,"",aandresen@americanpublicmedia.org,"","","",2015-09-08 15:15:56,1
404,http://altizon.com,http://altizon.com/jobs/,"jobs@altizon.com,sales@altizon.com","ranjit@altizon.com,yogesh@altizon.com,vinay@altizon.com,sales@altizon.com",https://www.linkedin.com/company/altizon,https://www.facebook.com/AltizonSystems,https://twitter.com/altizonsys,2015-09-08 15:15:56,1
405,http://amplience.com,http://amplience.com/careers/,careers@amplience.com,"","","",http://twitter.com/#!/jimbrooke,2015-09-08 15:15:56,1
406,http://amiestreet.com,http://www.amazon.com/gp/redirect.html/ref=footer_careers/181-4006474-6519760?ie=UTF8&location=http%3A%2F%2Fwww.amazon.jobs%2Fgp%2Fredirect.html%3Flocation%3D%252F&source=standards&token=25117E9F01C8F0AB1D649F37EDDD2DEBE047C3A6,"","","","","",2015-09-08 15:15:56,1
407,http://amplifier.com,http://amplifier.com/jobs,"","","",http://www.facebook.com/amplifierinc,"",2015-09-08 15:15:56,1
408,http://amventures.co,http://archermalmo.com/careers.html,nbata@archermalmo.com,"rwilliams@archermalmo.com,jcooper@archermalmo.com,pwoods@archermalmo.com,krohman@archermalmo.com,mbutler@archermalmo.com,contact@archermalmo.com,agoldner@archermalmo.com,gbackaus@archermalmo.com,nbata@archermalmo.com,tswope@archermalmo.com,pewalker@archermalmo.com,mhample@archermalmo.com,tom@tmbmarketinggroup.com,mlgratzer@archermalmo.com","","",https://twitter.com/archermalmo,2015-09-08 15:15:56,1
409,http://AmoebasRule.com,https://www.facebook.com/careers/?ref=pf,"","","",https://www.facebook.com/,"",2015-09-08 15:15:56,1
410,http://analysisgroup.com/about_us.aspx,http://www.analysisgroup.com/careers/,"","",https://www.linkedin.com/company/analysis-group,https://www.facebook.com/AnalysisGroupConsulting,https://twitter.com/analysisgroup,2015-09-08 15:15:56,1
411,http://ancestry.com,http://corporate.ancestry.com/careers/,"","","","","",2015-09-08 15:15:56,1
412,http://analyticsquotient.com,http://www.aqinsights.com/careers,"","",http://www.linkedin.com/company/analytics-quotient,https://www.facebook.com/analyticsquotient,https://twitter.com/AQInsights,2015-09-08 15:15:56,1
413,http://amriglobal.com,http://amriglobal.com/careers/,"","",http://www.linkedin.com/company/amri,"",http://twitter.com/amriglobal,2015-09-08 15:15:56,1
414,http://AnchorID.com,http://AnchorID.com/careers.php,"","press@anchorid.com,questions@anchorid.com",https://www.linkedin.com/company/anchorid,https://www.facebook.com/pages/Anchor-ID/647839808634120?fref=ts,https://twitter.com/AnchorID,2015-09-08 15:15:56,1
415,http://andera.com,http://www.andera.com/careers/,"info@andera.com,anderaproductinfo@bottomline.com","anderaproductpartners@bottomline.com,anderaproductsupport@bottomline.com,anderaproductsales@bottomline.com,anderaproductinfo@bottomline.com,info@andera.com",http://www.linkedin.com/company/andera,"",https://twitter.com/AnderaInc,2015-09-08 15:15:56,1
416,http://anafocus.com,http://anafocus.com/careers,"","rafael.romay@anafocus.com,fredi.waldstein@freshic.com,iovis@iovis.co.kr,sales@microview.com.cn,katsumi.sakamoto@anafocus.com","","","",2015-09-08 15:15:56,1
417,http://andalyze.com,http://andalyze.com/contact-us/careers/,"","marketing@andalyze.com,info@andalyze.com,sales@andalyze.com","","","",2015-09-08 15:15:56,1
418,http://andreascy.deviantart.com/art/Nearby-Everything-Around-Closer-To-You-336006867,http://deviantart.theresumator.com/apply/,"",media@deviantart.com,"",http://www.facebook.com/sharer.php?u=http://andreascy.deviantart.com/art/Nearby-Everything-Around-Closer-To-You-336006867,http://twitter.com/share?text=%22Nearby+-+Everything+Around%2C+Closer+To+You%22+by+andreascy&url=http%3A%2F%2Fandreascy.deviantart.com%2Fart%2FNearby-Everything-Around-Closer-To-You-336006867&related=deviantart,2015-09-08 15:15:56,1
419,http://angel.co,https://angel.co/jobs,"","","",http://www.facebook.com/angellist,http://twitter.com/angellist,2015-09-08 15:15:56,1
420,http://Angel.co/alloffices,https://angel.co/jobs,"","",http://www.linkedin.com/pub/manuel-quintanilla/54/387/245,http://www.facebook.com/angellist,http://twitter.com/angellist,2015-09-08 15:15:56,1
421,http://androizing.com,http://androizing.com/category/jobs/,"",info[at]androizing.com,"",https://www.facebook.com/Androizing,https://twitter.com/androizing,2015-09-08 15:15:56,1
422,http://angel.co/alvis,https://angel.co/jobs,"","","",http://www.facebook.com/angellist,http://twitter.com/angellist,2015-09-08 15:15:56,1
423,http://angel.co/BoxRocket,https://angel.co/jobs,"","","",http://www.facebook.com/angellist,http://twitter.com/angellist,2015-09-08 15:15:56,1
424,http://angel.co/anchor-fitness-1,https://angel.co/jobs,"","","",http://www.facebook.com/angellist,http://twitter.com/angellist,2015-09-08 15:15:56,1
425,http://angel.co/cybercity,https://angel.co/jobs,"","","",http://www.facebook.com/angellist,http://twitter.com/angellist,2015-09-08 15:15:56,1
426,http://andersonbrecon.com,http://pciservices.com/careers,careers@pciservices.com,"",http://www.linkedin.com/company/1837539,"",https://twitter.com/PCI_Social,2015-09-08 15:15:56,1
427,http://angel.co/gene-k,https://angel.co/jobs,"","","",http://www.facebook.com/angellist,http://twitter.com/angellist,2015-09-08 15:15:56,1
428,http://angel.co/edmonton-films-venture,https://angel.co/jobs,"","","",http://www.facebook.com/angellist,http://twitter.com/angellist,2015-09-08 15:15:56,1
429,http://angel.co/frabbit,https://angel.co/jobs,"","","",http://www.facebook.com/angellist,http://twitter.com/angellist,2015-09-08 15:15:56,1
430,http://angel.co/kerros-health,https://angel.co/jobs,"","","",http://www.facebook.com/angellist,http://twitter.com/angellist,2015-09-08 15:15:56,1
431,http://angel.co/keshif-ventures,https://angel.co/jobs,"","","",http://www.facebook.com/angellist,http://twitter.com/angellist,2015-09-08 15:15:56,1
432,http://angel.co/LookSea,https://angel.co/jobs,"","","",http://www.facebook.com/angellist,http://twitter.com/angellist,2015-09-08 15:15:56,1
433,http://angel.co/popsana,https://angel.co/jobs,"","","",http://www.facebook.com/angellist,http://twitter.com/angellist,2015-09-08 15:15:56,1
434,http://angel.co/min3,https://angel.co/jobs,"","","",http://www.facebook.com/angellist,http://twitter.com/angellist,2015-09-08 15:15:56,1
435,http://angel.co/onyxring-studios,https://angel.co/jobs,"","","",http://www.facebook.com/angellist,http://twitter.com/angellist,2015-09-08 15:15:56,1
436,http://angel.co/microtrip-it,https://angel.co/jobs,"","","",http://www.facebook.com/angellist,http://twitter.com/angellist,2015-09-08 15:15:56,1
437,http://angel.co/national-media-alliance,https://angel.co/jobs,"","","",http://www.facebook.com/angellist,http://twitter.com/nathanbrown929,2015-09-08 15:15:56,1
438,http://angel.com/impact-fundraising,http://www.genesys.com/about-genesys/careers,customercare@genesys.com,customercare@genesys.com,http://www.linkedin.com/company/601919?trk=tyah,http://www.facebook.com/genesys,https://twitter.com/Genesys,2015-09-08 15:15:56,1
439,http://angel.co/penchina,https://angel.co/jobs,"","",http://www.linkedin.com/in/gilpenchina,http://www.facebook.com/penchina,http://twitter.com/#!/gilpenchina,2015-09-08 15:15:56,1
440,http://angel.co/starcaller,https://angel.co/jobs,"","","",http://www.facebook.com/angellist,http://twitter.com/angellist,2015-09-08 15:15:56,1
441,http://angel.co/project-garage,https://angel.co/jobs,"","","",http://www.facebook.com/angellist,http://twitter.com/angellist,2015-09-08 15:15:56,1
442,http://angel.co/quikpay,https://angel.co/jobs,"","","",http://www.facebook.com/angellist,http://twitter.com/angellist,2015-09-08 15:15:56,1
443,http://angel.co/quirry,https://angel.co/jobs,"","","",http://www.facebook.com/angellist,http://twitter.com/angellist,2015-09-08 15:15:56,1
444,http://angel.co/spaarsh-inc,https://angel.co/jobs,"","","",http://www.facebook.com/angellist,http://twitter.com/angellist,2015-09-08 15:15:56,1
445,http://angel.co/steven-lurie,https://angel.co/jobs,"","","",http://www.facebook.com/angellist,http://twitter.com/angellist,2015-09-08 15:15:56,1
446,http://angel.co/travvl,https://angel.co/jobs,"","","",http://www.facebook.com/angellist,http://twitter.com/angellist,2015-09-08 15:15:56,1
447,http://angel.co/the-saas-syndicate,https://angel.co/jobs,"","","",http://www.facebook.com/angellist,http://twitter.com/angellist,2015-09-08 15:15:56,1
448,http://angel.co/wing-n-rotors,https://angel.co/jobs,"","","",http://www.facebook.com/angellist,http://twitter.com/angellist,2015-09-08 15:15:56,1
449,http://angel.co/tripstar,https://angel.co/jobs,"","","",http://www.facebook.com/angellist,http://twitter.com/angellist,2015-09-08 15:15:56,1
450,http://angelprime.com,http://timesofindia.indiatimes.com/tech/jobs/How-to-get-acquired/articleshow/46139553.cms,"","info@primevp.in,akhila@primevp.in",http://www.linkedin.com/company/angelprime,https://www.facebook.com/ZipDial,https://twitter.com/TheSwamy,2015-09-08 15:15:56,1
451,http://angelpad.org,http://angelpad.org/jobs/,"","",http://www.linkedin.com/company/angelpad-llc,http://www.facebook.com/angelpadorg,http://twitter.com/angelpad,2015-09-08 15:15:56,1
452,http://animoto.com,https://animoto.com/about/careers,"","",http://www.linkedin.com/company/animoto,https://www.facebook.com/Animoto,https://twitter.com/Animoto,2015-09-08 15:15:56,1
453,http://Aniika.com,http://www.aniika.com/about-us#careers,"careers@aniika.com,partnerships@aniika.com,techsupport@aniika.com,press@aniika.com,order@aniika.com,showcase@aniika.com,account@aniika.com,general@aniika.com","careers@aniika.com,partnerships@aniika.com,techsupport@aniika.com,press@aniika.com,order@aniika.com,showcase@aniika.com,account@aniika.com,general@aniika.com","",http://www.facebook.com/pages/Aniika/216609018406061,https://twitter.com/Aniika2011,2015-09-08 15:15:56,1
454,http://anomalousnetworks.com,https://www.tangoe.com/careers/,"",support@tangoe.com,"","","",2015-09-08 15:15:56,1
455,http://answersforaws.com,http://answersforaws.com/careers/,"","",http://www.linkedin.com/company/answers-for-aws,https://www.facebook.com/Answers4AWS,https://twitter.com/Answers4AWS,2015-09-08 15:15:56,1
456,http://AnswerWiki.com,http://wiki.answers.com/page/careers,"","","",http://www.facebook.com/AnswersDotCom,http://twitter.com/answersdotcom,2015-09-08 15:15:56,1
457,http://anovaculinary.com,http://anovaculinary.com/careers/,"","feedback@anovaculinary.com,info@anovaculinary.com,support@anovaculinary.com,press@anovaculinary.com",https://www.linkedin.com/in/svajian,https://www.facebook.com/AnovaSousVideCooking,https://twitter.com/AnovaSousVide,2015-09-08 15:15:56,1
458,http://anthonychavez097@gmail.com,https://www.google.com/about/careers/lifeatgoogle/,"","","","","",2015-09-08 15:15:56,1
459,http://anti-microbialsolutions.com,http://www.dotster.com/careers,"","","","","",2015-09-08 15:15:56,1
460,http://antriabio.com,http://www.antriabio.com/careers,info@antriabio.com,"info@antriabio.com,investor-relations@antriabio.com",https://www.linkedin.com/company/antriabio-inc-/,https://www.facebook.com/antriabio,https://twitter.com/antriabio,2015-09-08 15:15:56,1
461,http://antavo.com,https://antavo.com/company/careers,"",sales@antavo.com,http://www.linkedin.com/company/antavo,https://www.facebook.com/antavo,https://twitter.com/antavopromotion,2015-09-08 15:15:56,1
462,http://anyperk.com,https://anyperk.com/careers,"","support@anyperk.com,partner@anyperk.com,press@anyperk.com",https://www.linkedin.com/company/anyperk,"",https://twitter.com/anyperk,2015-09-08 15:15:56,1
463,http://ap2.com,http://ap2.com/../careers,"","","","","",2015-09-08 15:15:56,1
464,http://apesoft.us,http://apesoft.us/careers/,usainfo@apesoft.com,"","","","",2015-09-08 15:15:56,1
465,http://apcera.com,https://www.apcera.com/careers/,"info@apcera.com,recruiters@apcera.com",info@apcera.com,https://www.linkedin.com/company/apcera,https://www.facebook.com/Apcera,https://twitter.com/apcera,2015-09-08 15:15:56,1
466,http://apgsensors.com,http://www.apgsensors.com/about-us#careers,sales@apgsensors.com,sales@apgsensors.com,https://www.linkedin.com/company/automation-products-group-inc,https://www.facebook.com/APGsensors,https://twitter.com/apgsensors,2015-09-08 15:15:56,1
467,http://apiary.io,https://apiary.io/jobs,"corvax@apiary.io,lukas@apiary.io,sally@apiary.io,kubula@apiary.io,honza@apiary.io,alzbeta@apiary.io,davita@apiary.io,michal@apiary.io,natalie@apiary.io,tony@apiary.io,frantisek@apiary.io,jan.dvorak@ap","corvax@apiary.io,lukas@apiary.io,sally@apiary.io,kubula@apiary.io,honza@apiary.io,alzbeta@apiary.io,davita@apiary.io,michal@apiary.io,natalie@apiary.io,tony@apiary.io,frantisek@apiary.io,jan.dvorak@apiary.io,daniel@apiary.io,nada@apiary.io,lily@apiary.io,tully@apiary.io,kyle@apiary.io,support@apiary.io,adam@apiary.io,wvi@apiary.io,jan@apiary.io,vincenzo@apiary.io,ondrej@apiary.io,ondra@apiary.io,jobs@apiary.io,emmanuel@apiary.io,pavan@apiary.io,z@apiary.io,jiri@apiary.io,stephen@apiary.io,jakub@",http://www.linkedin.com/in/nesetril/,"",https://twitter.com/jakubnesetril,2015-09-08 15:15:56,1
468,http://api.blockspring.com,https://jobs.lever.co/blockspring,"",admin@blockspring.com,"","","",2015-09-08 15:15:56,1
469,http://aplus.com,http://aplus.com/jobs,jobs@aplus.com,feedback@aplus.com,"","",http://twitter.com/ike_saul,2015-09-08 15:15:56,1
470,http://aorborc.com,http://aorborc.com/careers/,"",info@aorborc.com,https://www.linkedin.com/company/a-or-b-or-c-erp-solutions,https://www.facebook.com/aorborc,http://twitter.com/share,2015-09-08 15:15:56,1
471,http://aperiatech.com,http://www.aperiatech.com/careers,info@aperiatech.com,"mediarelations@aperiatech.com,info@aperiatech.com",http://www.linkedin.com/company/aperia-technologies,https://www.facebook.com/Aperiatech,https://twitter.com/AperiaTech,2015-09-08 15:15:56,1
472,http://aplicor.com,http://www.aplicor.com/careers,"","",http://www.linkedin.com/company/aplicor,https://www.facebook.com/Aplicor3C,https://twitter.com/aplicor,2015-09-08 15:15:56,1
473,http://apollomed.net,http://apollomed.net/careers/,"","","","","",2015-09-08 15:15:56,1
474,http://app.musicpunk.com,http://www.hugedomains.com/,"","","","","",2015-09-08 15:15:56,1
475,http://appacademy.io,http://www.nytimes.com/2009/09/20/jobs/20pre.html?pagewanted=print,"",contact@appacademy.io,http://www.linkedin.com/in/deerghasahni,"",http://twitter.com/peterc,2015-09-08 15:15:56,1
476,http://apartments.cazoodle.com,http://www.cazoodle.com/jobs.php,"","","","","",2015-09-08 15:15:56,1
477,http://appcard.com,https://appcard.com/careers/,careers@appcard.com,support@appcard.com,"",https://www.facebook.com/AppCardRewards,"",2015-09-08 15:15:56,1
478,http://appdevelopersalliance.org,http://www.appdevelopersalliance.org/careers/,"alyson@appdevelopersalliance.org,jobs@appalliance.org","membership@appalliance.org,events@appalliance.org,media@appalliance.org,policy@appalliance.org,alyson@appdevelopersalliance.org",https://www.linkedin.com/company/application-developers-alliance?trk=tyah&trkInfo=tarId%3A1401735076859%2Ctas%3Aapplication+developers%2Cidx%3A2-1-2,http://www.facebook.com/profile.php?id=313018228713458,https://twitter.com/Apps